valuationDate;isincode;value;maturityDate;currency
2021-01-28;USD;7.34060;2021-01-28;TRY
2021-01-27;USD;7.39680;2021-01-27;TRY
2021-01-26;USD;7.34790;2021-01-26;TRY
2021-01-25;USD;7.40900;2021-01-25;TRY
2021-01-22;USD;7.41460;2021-01-22;TRY
2021-01-21;USD;7.36850;2021-01-21;TRY
2021-01-20;USD;7.42190;2021-01-20;TRY
2021-01-19;USD;7.47410;2021-01-19;TRY
2021-01-18;USD;7.48180;2021-01-18;TRY
2021-01-15;USD;7.47530;2021-01-15;TRY
2021-01-14;USD;7.37190;2021-01-14;TRY
2021-01-13;USD;7.40640;2021-01-13;TRY
2021-01-12;USD;7.45320;2021-01-12;TRY
2021-01-11;USD;7.47810;2021-01-11;TRY
2021-01-08;USD;7.37620;2021-01-08;TRY
2021-01-07;USD;7.31980;2021-01-07;TRY
2021-01-06;USD;7.30670;2021-01-06;TRY
2021-01-05;USD;7.39060;2021-01-05;TRY
2021-01-04;USD;7.42480;2021-01-04;TRY
2021-01-01;USD;7.43920;2021-01-01;TRY
2020-12-31;USD;7.43700;2020-12-31;TRY
2020-12-30;USD;7.38230;2020-12-30;TRY
2020-12-29;USD;7.38650;2020-12-29;TRY
2020-12-28;USD;7.44660;2020-12-28;TRY
2020-12-25;USD;7.55750;2020-12-25;TRY
2020-12-24;USD;7.57970;2020-12-24;TRY
2020-12-23;USD;7.64110;2020-12-23;TRY
2020-12-22;USD;7.66200;2020-12-22;TRY
2020-12-21;USD;7.65410;2020-12-21;TRY
2020-12-18;USD;7.62890;2020-12-18;TRY
2020-12-17;USD;7.70090;2020-12-17;TRY
2020-12-16;USD;7.79910;2020-12-16;TRY
2020-12-15;USD;7.83500;2020-12-15;TRY
2020-12-14;USD;7.85330;2020-12-14;TRY
2020-12-11;USD;7.86120;2020-12-11;TRY
2020-12-10;USD;7.88840;2020-12-10;TRY
2020-12-09;USD;7.82660;2020-12-09;TRY
2020-12-08;USD;7.81550;2020-12-08;TRY
2020-12-07;USD;7.80090;2020-12-07;TRY
2020-12-04;USD;7.80310;2020-12-04;TRY
2020-12-03;USD;7.77520;2020-12-03;TRY
2020-12-02;USD;7.85220;2020-12-02;TRY
2020-12-01;USD;7.82880;2020-12-01;TRY
2020-11-30;USD;7.83240;2020-11-30;TRY
2020-11-27;USD;7.83520;2020-11-27;TRY
2020-11-26;USD;7.87110;2020-11-26;TRY
2020-11-25;USD;7.93170;2020-11-25;TRY
2020-11-24;USD;8.00220;2020-11-24;TRY
2020-11-23;USD;7.88500;2020-11-23;TRY
2020-11-20;USD;7.63590;2020-11-20;TRY
2020-11-19;USD;7.55270;2020-11-19;TRY
2020-11-18;USD;7.70600;2020-11-18;TRY
2020-11-17;USD;7.70020;2020-11-17;TRY
2020-11-16;USD;7.69960;2020-11-16;TRY
2020-11-13;USD;7.66420;2020-11-13;TRY
2020-11-12;USD;7.68990;2020-11-12;TRY
2020-11-11;USD;7.79960;2020-11-11;TRY
2020-11-10;USD;8.14710;2020-11-10;TRY
2020-11-09;USD;8.06540;2020-11-09;TRY
2020-11-06;USD;8.52500;2020-11-06;TRY
2020-11-05;USD;8.42220;2020-11-05;TRY
2020-11-04;USD;8.42710;2020-11-04;TRY
2020-11-03;USD;8.40360;2020-11-03;TRY
2020-11-02;USD;8.42200;2020-11-02;TRY
2020-10-30;USD;8.34680;2020-10-30;TRY
2020-10-29;USD;8.29210;2020-10-29;TRY
2020-10-28;USD;8.25790;2020-10-28;TRY
2020-10-27;USD;8.18740;2020-10-27;TRY
2020-10-26;USD;8.08370;2020-10-26;TRY
2020-10-23;USD;7.96480;2020-10-23;TRY
2020-10-22;USD;7.93510;2020-10-22;TRY
2020-10-21;USD;7.81210;2020-10-21;TRY
2020-10-20;USD;7.86570;2020-10-20;TRY
2020-10-19;USD;7.88370;2020-10-19;TRY
2020-10-16;USD;7.93440;2020-10-16;TRY
2020-10-15;USD;7.93500;2020-10-15;TRY
2020-10-14;USD;7.91190;2020-10-14;TRY
2020-10-13;USD;7.91870;2020-10-13;TRY
2020-10-12;USD;7.89110;2020-10-12;TRY
2020-10-09;USD;7.85930;2020-10-09;TRY
2020-10-08;USD;7.94460;2020-10-08;TRY
2020-10-07;USD;7.88480;2020-10-07;TRY
2020-10-06;USD;7.79690;2020-10-06;TRY
2020-10-05;USD;7.76390;2020-10-05;TRY
2020-10-02;USD;7.77480;2020-10-02;TRY
2020-10-01;USD;7.75300;2020-10-01;TRY
2020-09-30;USD;7.71870;2020-09-30;TRY
2020-09-29;USD;7.81890;2020-09-29;TRY
2020-09-28;USD;7.80440;2020-09-28;TRY
2020-09-25;USD;7.66470;2020-09-25;TRY
2020-09-24;USD;7.62560;2020-09-24;TRY
2020-09-23;USD;7.70070;2020-09-23;TRY
2020-09-22;USD;7.66590;2020-09-22;TRY
2020-09-21;USD;7.63280;2020-09-21;TRY
2020-09-18;USD;7.56030;2020-09-18;TRY
2020-09-17;USD;7.55040;2020-09-17;TRY
2020-09-16;USD;7.50740;2020-09-16;TRY
2020-09-15;USD;7.49400;2020-09-15;TRY
2020-09-14;USD;7.48800;2020-09-14;TRY
2020-09-11;USD;7.47640;2020-09-11;TRY
2020-09-10;USD;7.45010;2020-09-10;TRY
2020-09-09;USD;7.48680;2020-09-09;TRY
2020-09-08;USD;7.48490;2020-09-08;TRY
2020-09-07;USD;7.45620;2020-09-07;TRY
2020-09-04;USD;7.43710;2020-09-04;TRY
2020-09-03;USD;7.43650;2020-09-03;TRY
2020-09-02;USD;7.38620;2020-09-02;TRY
2020-09-01;USD;7.36920;2020-09-01;TRY
2020-08-31;USD;7.35060;2020-08-31;TRY
2020-08-28;USD;7.33490;2020-08-28;TRY
2020-08-27;USD;7.36170;2020-08-27;TRY
2020-08-26;USD;7.37020;2020-08-26;TRY
2020-08-25;USD;7.39330;2020-08-25;TRY
2020-08-24;USD;7.37880;2020-08-24;TRY
2020-08-21;USD;7.33860;2020-08-21;TRY
2020-08-20;USD;7.29780;2020-08-20;TRY
2020-08-19;USD;7.29250;2020-08-19;TRY
2020-08-18;USD;7.37360;2020-08-18;TRY
2020-08-17;USD;7.38370;2020-08-17;TRY
2020-08-14;USD;7.36980;2020-08-14;TRY
2020-08-13;USD;7.33840;2020-08-13;TRY
2020-08-12;USD;7.33160;2020-08-12;TRY
2020-08-11;USD;7.22910;2020-08-11;TRY
2020-08-10;USD;7.33490;2020-08-10;TRY
2020-08-07;USD;7.29410;2020-08-07;TRY
2020-08-06;USD;7.23890;2020-08-06;TRY
2020-08-05;USD;7.04760;2020-08-05;TRY
2020-08-04;USD;6.90080;2020-08-04;TRY
2020-08-03;USD;6.95780;2020-08-03;TRY
2020-07-31;USD;6.97190;2020-07-31;TRY
2020-07-30;USD;6.99550;2020-07-30;TRY
2020-07-29;USD;6.98310;2020-07-29;TRY
2020-07-28;USD;6.93550;2020-07-28;TRY
2020-07-27;USD;6.86250;2020-07-27;TRY
2020-07-24;USD;6.84840;2020-07-24;TRY
2020-07-23;USD;6.84380;2020-07-23;TRY
2020-07-22;USD;6.85060;2020-07-22;TRY
2020-07-21;USD;6.82540;2020-07-21;TRY
2020-07-20;USD;6.85780;2020-07-20;TRY
2020-07-17;USD;6.85860;2020-07-17;TRY
2020-07-16;USD;6.85710;2020-07-16;TRY
2020-07-15;USD;6.85580;2020-07-15;TRY
2020-07-14;USD;6.86420;2020-07-14;TRY
2020-07-13;USD;6.86020;2020-07-13;TRY
2020-07-10;USD;6.86580;2020-07-10;TRY
2020-07-09;USD;6.86200;2020-07-09;TRY
2020-07-08;USD;6.86050;2020-07-08;TRY
2020-07-07;USD;6.85950;2020-07-07;TRY
2020-07-06;USD;6.86090;2020-07-06;TRY
2020-07-03;USD;6.86240;2020-07-03;TRY
2020-07-02;USD;6.85100;2020-07-02;TRY
2020-07-01;USD;6.84790;2020-07-01;TRY
2020-06-30;USD;6.85250;2020-06-30;TRY
2020-06-29;USD;6.85480;2020-06-29;TRY
2020-06-26;USD;6.85460;2020-06-26;TRY
2020-06-25;USD;6.85490;2020-06-25;TRY
2020-06-24;USD;6.85580;2020-06-24;TRY
2020-06-23;USD;6.85110;2020-06-23;TRY
2020-06-22;USD;6.84830;2020-06-22;TRY
2020-06-19;USD;6.85300;2020-06-19;TRY
2020-06-18;USD;6.85620;2020-06-18;TRY
2020-06-17;USD;6.84480;2020-06-17;TRY
2020-06-16;USD;6.84390;2020-06-16;TRY
2020-06-15;USD;6.83630;2020-06-15;TRY
2020-06-12;USD;6.81260;2020-06-12;TRY
2020-06-11;USD;6.84140;2020-06-11;TRY
2020-06-10;USD;6.77680;2020-06-10;TRY
2020-06-09;USD;6.79730;2020-06-09;TRY
2020-06-08;USD;6.78760;2020-06-08;TRY
2020-06-05;USD;6.77000;2020-06-05;TRY
2020-06-04;USD;6.75580;2020-06-04;TRY
2020-06-03;USD;6.74400;2020-06-03;TRY
2020-06-02;USD;6.71450;2020-06-02;TRY
2020-06-01;USD;6.81420;2020-06-01;TRY
2020-05-29;USD;6.82020;2020-05-29;TRY
2020-05-28;USD;6.81380;2020-05-28;TRY
2020-05-27;USD;6.77390;2020-05-27;TRY
2020-05-26;USD;6.72750;2020-05-26;TRY
2020-05-25;USD;6.81000;2020-05-25;TRY
2020-05-22;USD;6.81470;2020-05-22;TRY
2020-05-21;USD;6.79150;2020-05-21;TRY
2020-05-20;USD;6.79120;2020-05-20;TRY
2020-05-19;USD;6.77750;2020-05-19;TRY
2020-05-18;USD;6.88510;2020-05-18;TRY
2020-05-15;USD;6.90120;2020-05-15;TRY
2020-05-14;USD;6.92200;2020-05-14;TRY
2020-05-13;USD;6.97480;2020-05-13;TRY
2020-05-12;USD;6.99710;2020-05-12;TRY
2020-05-11;USD;7.07620;2020-05-11;TRY
2020-05-08;USD;7.08400;2020-05-08;TRY
2020-05-07;USD;7.11950;2020-05-07;TRY
2020-05-06;USD;7.19680;2020-05-06;TRY
2020-05-05;USD;7.07460;2020-05-05;TRY
2020-05-04;USD;7.04300;2020-05-04;TRY
2020-05-01;USD;7.01200;2020-05-01;TRY
2020-04-30;USD;6.98640;2020-04-30;TRY
2020-04-29;USD;6.95200;2020-04-29;TRY
2020-04-28;USD;6.98680;2020-04-28;TRY
2020-04-27;USD;6.98620;2020-04-27;TRY
2020-04-24;USD;6.97420;2020-04-24;TRY
2020-04-23;USD;6.94620;2020-04-23;TRY
2020-04-22;USD;6.97870;2020-04-22;TRY
2020-04-21;USD;6.98120;2020-04-21;TRY
2020-04-20;USD;6.94020;2020-04-20;TRY
2020-04-17;USD;6.93180;2020-04-17;TRY
2020-04-16;USD;6.93970;2020-04-16;TRY
2020-04-15;USD;6.91180;2020-04-15;TRY
2020-04-14;USD;6.81550;2020-04-14;TRY
2020-04-13;USD;6.77210;2020-04-13;TRY
2020-04-10;USD;6.70010;2020-04-10;TRY
2020-04-09;USD;6.67460;2020-04-09;TRY
2020-04-08;USD;6.77370;2020-04-08;TRY
2020-04-07;USD;6.75400;2020-04-07;TRY
2020-04-06;USD;6.78150;2020-04-06;TRY
2020-04-03;USD;6.73100;2020-04-03;TRY
2020-04-02;USD;6.61530;2020-04-02;TRY
2020-04-01;USD;6.70290;2020-04-01;TRY
2020-03-31;USD;6.61430;2020-03-31;TRY
2020-03-30;USD;6.57730;2020-03-30;TRY
2020-03-27;USD;6.45500;2020-03-27;TRY
2020-03-26;USD;6.39790;2020-03-26;TRY
2020-03-25;USD;6.41690;2020-03-25;TRY
2020-03-24;USD;6.42030;2020-03-24;TRY
2020-03-23;USD;6.56170;2020-03-23;TRY
2020-03-20;USD;6.55250;2020-03-20;TRY
2020-03-19;USD;6.54390;2020-03-19;TRY
2020-03-18;USD;6.48580;2020-03-18;TRY
2020-03-17;USD;6.39740;2020-03-17;TRY
2020-03-16;USD;6.43150;2020-03-16;TRY
2020-03-13;USD;6.33210;2020-03-13;TRY
2020-03-12;USD;6.31590;2020-03-12;TRY
2020-03-11;USD;6.20910;2020-03-11;TRY
2020-03-10;USD;6.15750;2020-03-10;TRY
2020-03-09;USD;6.14420;2020-03-09;TRY
2020-03-06;USD;6.09190;2020-03-06;TRY
2020-03-05;USD;6.11050;2020-03-05;TRY
2020-03-04;USD;6.07730;2020-03-04;TRY
2020-03-03;USD;6.10700;2020-03-03;TRY
2020-03-02;USD;6.17430;2020-03-02;TRY
2020-02-28;USD;6.24270;2020-02-28;TRY
2020-02-27;USD;6.20780;2020-02-27;TRY
2020-02-26;USD;6.15900;2020-02-26;TRY
2020-02-25;USD;6.14410;2020-02-25;TRY
2020-02-24;USD;6.11770;2020-02-24;TRY
2020-02-21;USD;6.09640;2020-02-21;TRY
2020-02-20;USD;6.10040;2020-02-20;TRY
2020-02-19;USD;6.08230;2020-02-19;TRY
2020-02-18;USD;6.06420;2020-02-18;TRY
2020-02-17;USD;6.04490;2020-02-17;TRY
2020-02-14;USD;6.05050;2020-02-14;TRY
2020-02-13;USD;6.04050;2020-02-13;TRY
2020-02-12;USD;6.04200;2020-02-12;TRY
2020-02-11;USD;6.01630;2020-02-11;TRY
2020-02-10;USD;6.01080;2020-02-10;TRY
2020-02-07;USD;6.01530;2020-02-07;TRY
2020-02-06;USD;5.98740;2020-02-06;TRY
2020-02-05;USD;5.98270;2020-02-05;TRY
2020-02-04;USD;5.98010;2020-02-04;TRY
2020-02-03;USD;5.98440;2020-02-03;TRY
2020-01-31;USD;5.98220;2020-01-31;TRY
2020-01-30;USD;5.97250;2020-01-30;TRY
2020-01-29;USD;5.95670;2020-01-29;TRY
2020-01-28;USD;5.94030;2020-01-28;TRY
2020-01-27;USD;5.94400;2020-01-27;TRY
2020-01-24;USD;5.93910;2020-01-24;TRY
2020-01-23;USD;5.93440;2020-01-23;TRY
2020-01-22;USD;5.92220;2020-01-22;TRY
2020-01-21;USD;5.93760;2020-01-21;TRY
2020-01-20;USD;5.91320;2020-01-20;TRY
2020-01-17;USD;5.89080;2020-01-17;TRY
2020-01-16;USD;5.85970;2020-01-16;TRY
2020-01-15;USD;5.87580;2020-01-15;TRY
2020-01-14;USD;5.88190;2020-01-14;TRY
2020-01-13;USD;5.86710;2020-01-13;TRY
2020-01-10;USD;5.87770;2020-01-10;TRY
2020-01-09;USD;5.87390;2020-01-09;TRY
2020-01-08;USD;5.90910;2020-01-08;TRY
2020-01-07;USD;5.97270;2020-01-07;TRY
2020-01-06;USD;5.96900;2020-01-06;TRY
2020-01-03;USD;5.97230;2020-01-03;TRY
2020-01-02;USD;5.95660;2020-01-02;TRY
2020-01-01;USD;5.94660;2020-01-01;TRY
2019-12-31;USD;5.94890;2019-12-31;TRY
2019-12-30;USD;5.94790;2019-12-30;TRY
2019-12-27;USD;5.95020;2019-12-27;TRY
2019-12-26;USD;5.93350;2019-12-26;TRY
2019-12-25;USD;5.93500;2019-12-25;TRY
2019-12-24;USD;5.94680;2019-12-24;TRY
2019-12-23;USD;5.94860;2019-12-23;TRY
2019-12-20;USD;5.94000;2019-12-20;TRY
2019-12-19;USD;5.94170;2019-12-19;TRY
2019-12-18;USD;5.92610;2019-12-18;TRY
2019-12-17;USD;5.88600;2019-12-17;TRY
2019-12-16;USD;5.84980;2019-12-16;TRY
2019-12-13;USD;5.80820;2019-12-13;TRY
2019-12-12;USD;5.79140;2019-12-12;TRY
2019-12-11;USD;5.80740;2019-12-11;TRY
2019-12-10;USD;5.80570;2019-12-10;TRY
2019-12-09;USD;5.81130;2019-12-09;TRY
2019-12-06;USD;5.77660;2019-12-06;TRY
2019-12-05;USD;5.74850;2019-12-05;TRY
2019-12-04;USD;5.75080;2019-12-04;TRY
2019-12-03;USD;5.74310;2019-12-03;TRY
2019-12-02;USD;5.74150;2019-12-02;TRY
2019-11-29;USD;5.74700;2019-11-29;TRY
2019-11-28;USD;5.75850;2019-11-28;TRY
2019-11-27;USD;5.77790;2019-11-27;TRY
2019-11-26;USD;5.75970;2019-11-26;TRY
2019-11-25;USD;5.74160;2019-11-25;TRY
2019-11-22;USD;5.71320;2019-11-22;TRY
2019-11-21;USD;5.69660;2019-11-21;TRY
2019-11-20;USD;5.69970;2019-11-20;TRY
2019-11-19;USD;5.69900;2019-11-19;TRY
2019-11-18;USD;5.73690;2019-11-18;TRY
2019-11-15;USD;5.74530;2019-11-15;TRY
2019-11-14;USD;5.74770;2019-11-14;TRY
2019-11-13;USD;5.74030;2019-11-13;TRY
2019-11-12;USD;5.77760;2019-11-12;TRY
2019-11-11;USD;5.77330;2019-11-11;TRY
2019-11-08;USD;5.76680;2019-11-08;TRY
2019-11-07;USD;5.75220;2019-11-07;TRY
2019-11-06;USD;5.75080;2019-11-06;TRY
2019-11-05;USD;5.75320;2019-11-05;TRY
2019-11-04;USD;5.73870;2019-11-04;TRY
2019-11-01;USD;5.71240;2019-11-01;TRY
2019-10-31;USD;5.71300;2019-10-31;TRY
2019-10-30;USD;5.70200;2019-10-30;TRY
2019-10-29;USD;5.73720;2019-10-29;TRY
2019-10-28;USD;5.73120;2019-10-28;TRY
2019-10-25;USD;5.77480;2019-10-25;TRY
2019-10-24;USD;5.76470;2019-10-24;TRY
2019-10-23;USD;5.73510;2019-10-23;TRY
2019-10-22;USD;5.80840;2019-10-22;TRY
2019-10-21;USD;5.85820;2019-10-21;TRY
2019-10-18;USD;5.79190;2019-10-18;TRY
2019-10-17;USD;5.82990;2019-10-17;TRY
2019-10-16;USD;5.88700;2019-10-16;TRY
2019-10-15;USD;5.91640;2019-10-15;TRY
2019-10-14;USD;5.92710;2019-10-14;TRY
2019-10-11;USD;5.88530;2019-10-11;TRY
2019-10-10;USD;5.83650;2019-10-10;TRY
2019-10-09;USD;5.87120;2019-10-09;TRY
2019-10-08;USD;5.83100;2019-10-08;TRY
2019-10-07;USD;5.83280;2019-10-07;TRY
2019-10-04;USD;5.69620;2019-10-04;TRY
2019-10-03;USD;5.69470;2019-10-03;TRY
2019-10-02;USD;5.70200;2019-10-02;TRY
2019-10-01;USD;5.72310;2019-10-01;TRY
2019-09-30;USD;5.64890;2019-09-30;TRY
2019-09-27;USD;5.67080;2019-09-27;TRY
2019-09-26;USD;5.66550;2019-09-26;TRY
2019-09-25;USD;5.67060;2019-09-25;TRY
2019-09-24;USD;5.69730;2019-09-24;TRY
2019-09-23;USD;5.71740;2019-09-23;TRY
2019-09-20;USD;5.74390;2019-09-20;TRY
2019-09-19;USD;5.71870;2019-09-19;TRY
2019-09-18;USD;5.67680;2019-09-18;TRY
2019-09-17;USD;5.70160;2019-09-17;TRY
2019-09-16;USD;5.72890;2019-09-16;TRY
2019-09-13;USD;5.68610;2019-09-13;TRY
2019-09-12;USD;5.65660;2019-09-12;TRY
2019-09-11;USD;5.75150;2019-09-11;TRY
2019-09-10;USD;5.76830;2019-09-10;TRY
2019-09-09;USD;5.75000;2019-09-09;TRY
2019-09-06;USD;5.71550;2019-09-06;TRY
2019-09-05;USD;5.69170;2019-09-05;TRY
2019-09-04;USD;5.66700;2019-09-04;TRY
2019-09-03;USD;5.72930;2019-09-03;TRY
2019-09-02;USD;5.80680;2019-09-02;TRY
2019-08-30;USD;5.83060;2019-08-30;TRY
2019-08-29;USD;5.84000;2019-08-29;TRY
2019-08-28;USD;5.81340;2019-08-28;TRY
2019-08-27;USD;5.82760;2019-08-27;TRY
2019-08-26;USD;5.82520;2019-08-26;TRY
2019-08-23;USD;5.75990;2019-08-23;TRY
2019-08-22;USD;5.76880;2019-08-22;TRY
2019-08-21;USD;5.71620;2019-08-21;TRY
2019-08-20;USD;5.72900;2019-08-20;TRY
2019-08-19;USD;5.66090;2019-08-19;TRY
2019-08-16;USD;5.57850;2019-08-16;TRY
2019-08-15;USD;5.56800;2019-08-15;TRY
2019-08-14;USD;5.61280;2019-08-14;TRY
2019-08-13;USD;5.56290;2019-08-13;TRY
2019-08-12;USD;5.56400;2019-08-12;TRY
2019-08-09;USD;5.49170;2019-08-09;TRY
2019-08-08;USD;5.47810;2019-08-08;TRY
2019-08-07;USD;5.49380;2019-08-07;TRY
2019-08-06;USD;5.52090;2019-08-06;TRY
2019-08-05;USD;5.57150;2019-08-05;TRY
2019-08-02;USD;5.55970;2019-08-02;TRY
2019-08-01;USD;5.60380;2019-08-01;TRY
2019-07-31;USD;5.58640;2019-07-31;TRY
2019-07-30;USD;5.55970;2019-07-30;TRY
2019-07-29;USD;5.61480;2019-07-29;TRY
2019-07-26;USD;5.67180;2019-07-26;TRY
2019-07-25;USD;5.70270;2019-07-25;TRY
2019-07-24;USD;5.70850;2019-07-24;TRY
2019-07-23;USD;5.71780;2019-07-23;TRY
2019-07-22;USD;5.67700;2019-07-22;TRY
2019-07-19;USD;5.65510;2019-07-19;TRY
2019-07-18;USD;5.61810;2019-07-18;TRY
2019-07-17;USD;5.68420;2019-07-17;TRY
2019-07-16;USD;5.71180;2019-07-16;TRY
2019-07-15;USD;5.71480;2019-07-15;TRY
2019-07-12;USD;5.72000;2019-07-12;TRY
2019-07-11;USD;5.67340;2019-07-11;TRY
2019-07-10;USD;5.67410;2019-07-10;TRY
2019-07-09;USD;5.73230;2019-07-09;TRY
2019-07-08;USD;5.73670;2019-07-08;TRY
2019-07-05;USD;5.62880;2019-07-05;TRY
2019-07-04;USD;5.59530;2019-07-04;TRY
2019-07-03;USD;5.62490;2019-07-03;TRY
2019-07-02;USD;5.65280;2019-07-02;TRY
2019-07-01;USD;5.65070;2019-07-01;TRY
2019-06-28;USD;5.79210;2019-06-28;TRY
2019-06-27;USD;5.77250;2019-06-27;TRY
2019-06-26;USD;5.77490;2019-06-26;TRY
2019-06-25;USD;5.79490;2019-06-25;TRY
2019-06-24;USD;5.80900;2019-06-24;TRY
2019-06-21;USD;5.82140;2019-06-21;TRY
2019-06-20;USD;5.76440;2019-06-20;TRY
2019-06-19;USD;5.79130;2019-06-19;TRY
2019-06-18;USD;5.82840;2019-06-18;TRY
2019-06-17;USD;5.87330;2019-06-17;TRY
2019-06-14;USD;5.90150;2019-06-14;TRY
2019-06-13;USD;5.86820;2019-06-13;TRY
2019-06-12;USD;5.80800;2019-06-12;TRY
2019-06-11;USD;5.79760;2019-06-11;TRY
2019-06-10;USD;5.77470;2019-06-10;TRY
2019-06-07;USD;5.83100;2019-06-07;TRY
2019-06-06;USD;5.78010;2019-06-06;TRY
2019-06-05;USD;5.73100;2019-06-05;TRY
2019-06-04;USD;5.78250;2019-06-04;TRY
2019-06-03;USD;5.83390;2019-06-03;TRY
2019-05-31;USD;5.83820;2019-05-31;TRY
2019-05-30;USD;5.87720;2019-05-30;TRY
2019-05-29;USD;6.01210;2019-05-29;TRY
2019-05-28;USD;6.03190;2019-05-28;TRY
2019-05-27;USD;6.06290;2019-05-27;TRY
2019-05-24;USD;6.08250;2019-05-24;TRY
2019-05-23;USD;6.09640;2019-05-23;TRY
2019-05-22;USD;6.10020;2019-05-22;TRY
2019-05-21;USD;6.05250;2019-05-21;TRY
2019-05-20;USD;6.02720;2019-05-20;TRY
2019-05-17;USD;6.05500;2019-05-17;TRY
2019-05-16;USD;6.04570;2019-05-16;TRY
2019-05-15;USD;6.00070;2019-05-15;TRY
2019-05-14;USD;6.03060;2019-05-14;TRY
2019-05-13;USD;6.05940;2019-05-13;TRY
2019-05-10;USD;5.98500;2019-05-10;TRY
2019-05-09;USD;6.19260;2019-05-09;TRY
2019-05-08;USD;6.18600;2019-05-08;TRY
2019-05-07;USD;6.15110;2019-05-07;TRY
2019-05-06;USD;6.08030;2019-05-06;TRY
2019-05-03;USD;5.96480;2019-05-03;TRY
2019-05-02;USD;5.96450;2019-05-02;TRY
2019-05-01;USD;5.96650;2019-05-01;TRY
2019-04-30;USD;5.96560;2019-04-30;TRY
2019-04-29;USD;5.94830;2019-04-29;TRY
2019-04-26;USD;5.93820;2019-04-26;TRY
2019-04-25;USD;5.92680;2019-04-25;TRY
2019-04-24;USD;5.87530;2019-04-24;TRY
2019-04-23;USD;5.82870;2019-04-23;TRY
2019-04-22;USD;5.82720;2019-04-22;TRY
2019-04-19;USD;5.81120;2019-04-19;TRY
2019-04-18;USD;5.80180;2019-04-18;TRY
2019-04-17;USD;5.73870;2019-04-17;TRY
2019-04-16;USD;5.77040;2019-04-16;TRY
2019-04-15;USD;5.80410;2019-04-15;TRY
2019-04-12;USD;5.76930;2019-04-12;TRY
2019-04-11;USD;5.73880;2019-04-11;TRY
2019-04-10;USD;5.68180;2019-04-10;TRY
2019-04-09;USD;5.69430;2019-04-09;TRY
2019-04-08;USD;5.69030;2019-04-08;TRY
2019-04-05;USD;5.62620;2019-04-05;TRY
2019-04-04;USD;5.59240;2019-04-04;TRY
2019-04-03;USD;5.62600;2019-04-03;TRY
2019-04-02;USD;5.60500;2019-04-02;TRY
2019-04-01;USD;5.48630;2019-04-01;TRY
2019-03-29;USD;5.55550;2019-03-29;TRY
2019-03-28;USD;5.56100;2019-03-28;TRY
2019-03-27;USD;5.32780;2019-03-27;TRY
2019-03-26;USD;5.32790;2019-03-26;TRY
2019-03-25;USD;5.55030;2019-03-25;TRY
2019-03-22;USD;5.76270;2019-03-22;TRY
2019-03-21;USD;5.46520;2019-03-21;TRY
2019-03-20;USD;5.42080;2019-03-20;TRY
2019-03-19;USD;5.47640;2019-03-19;TRY
2019-03-18;USD;5.46830;2019-03-18;TRY
2019-03-15;USD;5.44670;2019-03-15;TRY
2019-03-14;USD;5.46710;2019-03-14;TRY
2019-03-13;USD;5.45640;2019-03-13;TRY
2019-03-12;USD;5.45720;2019-03-12;TRY
2019-03-11;USD;5.44550;2019-03-11;TRY
2019-03-08;USD;5.43030;2019-03-08;TRY
2019-03-07;USD;5.47120;2019-03-07;TRY
2019-03-06;USD;5.42880;2019-03-06;TRY
2019-03-05;USD;5.38700;2019-03-05;TRY
2019-03-04;USD;5.37690;2019-03-04;TRY
2019-03-01;USD;5.37420;2019-03-01;TRY
2019-02-28;USD;5.33710;2019-02-28;TRY
2021-04-05;EUR;9.5869;2021-04-05;TRY
2021-04-04;EUR;9.6368;2021-04-04;TRY
2021-04-02;EUR;9.5836;2021-04-02;TRY
2021-04-01;EUR;9.542;2021-04-01;TRY
2021-03-31;EUR;9.6684;2021-03-31;TRY
2021-03-30;EUR;9.7592;2021-03-30;TRY
2021-03-29;EUR;9.6343;2021-03-29;TRY
2021-03-26;EUR;9.5928;2021-03-26;TRY
2021-03-25;EUR;9.342;2021-03-25;TRY
2021-03-24;EUR;9.3536;2021-03-24;TRY
2021-03-23;EUR;9.4064;2021-03-23;TRY
2021-03-22;EUR;9.3033;2021-03-22;TRY
2021-03-19;EUR;8.5868;2021-03-19;TRY
2021-06-18;EUR;8.7209;2021-06-18;TRY
2021-03-17;EUR;8.9855;2021-03-17;TRY
2021-03-16;EUR;8.9139;2021-03-16;TRY
2021-03-15;EUR;8.9837;2021-03-15;TRY
2021-03-12;EUR;9.034;2021-03-12;TRY
2021-03-11;EUR;8.9415;2021-03-11;TRY
2021-03-10;EUR;8.9406;2021-03-10;TRY
2021-03-09;EUR;9.0563;2021-03-09;TRY
2021-03-08;EUR;9.2018;2021-03-08;TRY
2021-03-05;EUR;8.9792;2021-03-05;TRY
2021-03-04;EUR;8.9732;2021-03-04;TRY
2021-03-03;EUR;8.994;2021-03-03;TRY
2021-03-02;EUR;8.882;2021-03-02;TRY
2021-03-01;EUR;8.7665;2021-03-01;TRY
2021-02-26;EUR;8.962;2021-02-26;TRY
2021-02-25;EUR;8.9305;2021-02-25;TRY
2021-02-24;EUR;8.7131;2021-02-24;TRY
2021-02-23;EUR;8.6282;2021-02-23;TRY
2021-02-22;EUR;8.5253;2021-02-22;TRY
2021-02-19;EUR;8.4319;2021-02-19;TRY
2021-02-18;EUR;8.4112;2021-02-18;TRY
2021-02-17;EUR;8.3882;2021-02-17;TRY
2021-02-16;EUR;8.4569;2021-02-16;TRY
2021-02-15;EUR;8.4391;2021-02-15;TRY
2021-02-12;EUR;8.5213;2021-02-12;TRY
2021-02-11;EUR;8.5181;2021-02-11;TRY
2021-02-10;EUR;8.5452;2021-02-10;TRY
2021-02-09;EUR;8.5523;2021-02-09;TRY
2021-02-08;EUR;8.5144;2021-02-08;TRY
2021-02-05;EUR;8.4882;2021-02-05;TRY
2021-02-04;EUR;8.5329;2021-02-04;TRY
2021-02-03;EUR;8.612;2021-02-03;TRY
2021-02-02;EUR;8.6595;2021-02-02;TRY
2021-02-01;EUR;8.6684;2021-02-01;TRY
2021-01-29;EUR;8.8713;2021-01-29;TRY
2021-01-28;EUR;8.8876;2021-01-28;TRY
2021-01-27;EUR;8.9515;2021-01-27;TRY
2021-01-26;EUR;8.9283;2021-01-26;TRY
2021-01-25;EUR;8.9862;2021-01-25;TRY
2021-01-22;EUR;9.0165;2021-01-22;TRY
2021-01-21;EUR;8.9556;2021-01-21;TRY
2021-01-20;EUR;8.9774;2021-01-20;TRY
2021-01-19;EUR;9.057;2021-01-19;TRY
2021-01-18;EUR;9.029;2021-01-18;TRY
2021-01-15;EUR;9.0263;2021-01-15;TRY
2021-01-14;EUR;8.9589;2021-01-14;TRY
2021-01-13;EUR;8.9882;2021-01-13;TRY
2021-01-12;EUR;9.0905;2021-01-12;TRY
2021-01-11;EUR;9.0793;2021-01-11;TRY
2021-01-08;EUR;9.0063;2021-01-08;TRY
2021-01-07;EUR;8.9754;2021-01-07;TRY
2021-01-06;EUR;9.003;2021-01-06;TRY
2021-01-05;EUR;9.0813;2021-01-05;TRY
2021-01-04;EUR;9.0878;2021-01-04;TRY
2021-01-01;EUR;9.0862;2021-01-01;TRY
2020-12-31;EUR;9.0304;2020-12-31;TRY
2020-12-30;EUR;9.0705;2020-12-30;TRY
2020-12-29;EUR;9.0401;2020-12-29;TRY
2020-12-28;EUR;9.0936;2020-12-28;TRY
2020-12-25;EUR;9.2104;2020-12-25;TRY
2020-12-24;EUR;9.2298;2020-12-24;TRY
2020-12-23;EUR;9.3046;2020-12-23;TRY
2020-12-22;EUR;9.3117;2020-12-22;TRY
2020-12-21;EUR;9.3633;2020-12-21;TRY
2020-12-18;EUR;9.3431;2020-12-18;TRY
2020-12-17;EUR;9.4398;2020-12-17;TRY
2020-12-16;EUR;9.5074;2020-12-16;TRY
2020-12-15;EUR;9.5142;2020-12-15;TRY
2020-12-14;EUR;9.5302;2020-12-14;TRY
2020-12-11;EUR;9.5146;2020-12-11;TRY
2020-12-10;EUR;9.5709;2020-12-10;TRY
2020-12-09;EUR;9.4412;2020-12-09;TRY
2020-12-08;EUR;9.4454;2020-12-08;TRY
2020-12-07;EUR;9.4402;2020-12-07;TRY
2020-12-04;EUR;9.4513;2020-12-04;TRY
2020-12-03;EUR;9.4301;2020-12-03;TRY
2020-12-02;EUR;9.5089;2020-12-02;TRY
2020-12-01;EUR;9.4445;2020-12-01;TRY
2020-11-30;EUR;9.3377;2020-11-30;TRY
2020-11-27;EUR;9.3701;2020-11-27;TRY
2020-11-26;EUR;9.3737;2020-11-26;TRY
2020-11-25;EUR;9.4467;2020-11-25;TRY
2020-11-24;EUR;9.5091;2020-11-24;TRY
2020-11-23;EUR;9.3311;2020-11-23;TRY
2020-11-20;EUR;9.0466;2020-11-20;TRY
2020-11-19;EUR;8.9649;2020-11-19;TRY
2020-11-18;EUR;9.1308;2020-11-18;TRY
2020-11-17;EUR;9.1285;2020-11-17;TRY
2020-11-16;EUR;9.124;2020-11-16;TRY
2020-11-13;EUR;9.0635;2020-11-13;TRY
2020-11-12;EUR;9.0736;2020-11-12;TRY
2020-11-11;EUR;9.1821;2020-11-11;TRY
2020-11-10;EUR;9.622;2020-11-10;TRY
2020-11-09;EUR;9.5238;2020-11-09;TRY
2020-11-06;EUR;10.1187;2020-11-06;TRY
2020-11-05;EUR;9.9587;2020-11-05;TRY
2020-11-04;EUR;9.8767;2020-11-04;TRY
2020-11-03;EUR;9.8391;2020-11-03;TRY
2020-11-02;EUR;9.7988;2020-11-02;TRY
2020-10-30;EUR;9.7192;2020-10-30;TRY
2020-10-29;EUR;9.6739;2020-10-29;TRY
2020-10-28;EUR;9.6966;2020-10-28;TRY
2020-10-27;EUR;9.6547;2020-10-27;TRY
2020-10-26;EUR;9.5397;2020-10-26;TRY
2020-10-23;EUR;9.4409;2020-10-23;TRY
2020-10-22;EUR;9.3722;2020-10-22;TRY
2020-10-21;EUR;9.2588;2020-10-21;TRY
2020-10-20;EUR;9.2916;2020-10-20;TRY
2020-10-19;EUR;9.2713;2020-10-19;TRY
2020-10-16;EUR;9.2939;2020-10-16;TRY
2020-10-15;EUR;9.284;2020-10-15;TRY
2020-10-14;EUR;9.2892;2020-10-14;TRY
2020-10-13;EUR;9.2929;2020-10-13;TRY
2020-10-12;EUR;9.318;2020-10-12;TRY
2020-10-09;EUR;9.2896;2020-10-09;TRY
2020-10-08;EUR;9.3366;2020-10-08;TRY
2020-10-07;EUR;9.2678;2020-10-07;TRY
2020-10-06;EUR;9.1478;2020-10-06;TRY
2020-10-05;EUR;9.1419;2020-10-05;TRY
2020-10-02;EUR;9.1027;2020-10-02;TRY
2020-10-01;EUR;9.1039;2020-10-01;TRY
2020-09-30;EUR;9.0413;2020-09-30;TRY
2020-09-29;EUR;9.1751;2020-09-29;TRY
2020-09-28;EUR;9.1005;2020-09-28;TRY
2020-09-25;EUR;8.9094;2020-09-25;TRY
2020-09-24;EUR;8.8946;2020-09-24;TRY
2020-09-23;EUR;8.9736;2020-09-23;TRY
2020-09-22;EUR;8.969;2020-09-22;TRY
2020-09-21;EUR;8.9796;2020-09-21;TRY
2020-09-18;EUR;8.9444;2020-09-18;TRY
2020-09-17;EUR;8.9402;2020-09-17;TRY
2020-09-16;EUR;8.8669;2020-09-16;TRY
2020-09-15;EUR;8.8665;2020-09-15;TRY
2020-09-14;EUR;8.8753;2020-09-14;TRY
2020-09-11;EUR;8.8511;2020-09-11;TRY
2020-09-10;EUR;8.7984;2020-09-10;TRY
2020-09-09;EUR;8.832;2020-09-09;TRY
2020-09-08;EUR;8.8097;2020-09-08;TRY
2020-09-07;EUR;8.8086;2020-09-07;TRY
2020-09-04;EUR;8.7988;2020-09-04;TRY
2020-09-03;EUR;8.808;2020-09-03;TRY
2020-09-02;EUR;8.7501;2020-09-02;TRY
2020-09-01;EUR;8.772;2020-09-01;TRY
2020-08-31;EUR;8.7689;2020-08-31;TRY
2020-08-28;EUR;8.7284;2020-08-28;TRY
2020-08-27;EUR;8.6987;2020-08-27;TRY
2020-08-26;EUR;8.7135;2020-08-26;TRY
2020-08-25;EUR;8.7413;2020-08-25;TRY
2020-08-24;EUR;8.695;2020-08-24;TRY
2020-08-21;EUR;8.6534;2020-08-21;TRY
2020-08-20;EUR;8.6497;2020-08-20;TRY
2020-08-19;EUR;8.629;2020-08-19;TRY
2020-08-18;EUR;8.7919;2020-08-18;TRY
2020-08-17;EUR;8.7578;2020-08-17;TRY
2020-08-14;EUR;8.7226;2020-08-14;TRY
2020-08-13;EUR;8.6646;2020-08-13;TRY
2020-08-12;EUR;8.6341;2020-08-12;TRY
2020-08-11;EUR;8.455;2020-08-11;TRY
2020-08-10;EUR;8.6059;2020-08-10;TRY
2020-08-07;EUR;8.5983;2020-08-07;TRY
2020-08-06;EUR;8.5972;2020-08-06;TRY
2020-08-05;EUR;8.3605;2020-08-05;TRY
2020-08-04;EUR;8.145;2020-08-04;TRY
2020-08-03;EUR;8.1845;2020-08-03;TRY
2020-07-31;EUR;8.2122;2020-07-31;TRY
2020-07-30;EUR;8.2876;2020-07-30;TRY
2020-07-29;EUR;8.2344;2020-07-29;TRY
2020-07-28;EUR;8.1257;2020-07-28;TRY
2020-07-27;EUR;8.0645;2020-07-27;TRY
2020-07-24;EUR;7.9825;2020-07-24;TRY
2020-07-23;EUR;7.9361;2020-07-23;TRY
2020-07-22;EUR;7.9266;2020-07-22;TRY
2020-07-21;EUR;7.8667;2020-07-21;TRY
2020-07-20;EUR;7.8572;2020-07-20;TRY
2020-07-17;EUR;7.8392;2020-07-17;TRY
2020-07-16;EUR;7.8062;2020-07-16;TRY
2020-07-15;EUR;7.8235;2020-07-15;TRY
2020-07-14;EUR;7.8238;2020-07-14;TRY
2020-07-13;EUR;7.7815;2020-07-13;TRY
2020-07-10;EUR;7.7583;2020-07-10;TRY
2020-07-09;EUR;7.7438;2020-07-09;TRY
2020-07-08;EUR;7.773;2020-07-08;TRY
2020-07-07;EUR;7.732;2020-07-07;TRY
2020-07-06;EUR;7.759;2020-07-06;TRY
2020-07-03;EUR;7.7194;2020-07-03;TRY
2020-07-02;EUR;7.7;2020-07-02;TRY
2020-07-01;EUR;7.7052;2020-07-01;TRY
2020-06-30;EUR;7.6974;2020-06-30;TRY
2020-06-29;EUR;7.7062;2020-06-29;TRY
2020-06-26;EUR;7.6901;2020-06-26;TRY
2020-06-25;EUR;7.6893;2020-06-25;TRY
2020-06-24;EUR;7.7138;2020-06-24;TRY
2020-06-23;EUR;7.7472;2020-06-23;TRY
2020-06-22;EUR;7.7112;2020-06-22;TRY
2020-06-19;EUR;7.6597;2020-06-19;TRY
2020-06-18;EUR;7.6814;2020-06-18;TRY
2020-06-17;EUR;7.6966;2020-06-17;TRY
2020-06-16;EUR;7.709;2020-06-16;TRY
2020-06-15;EUR;7.7411;2020-06-15;TRY
2020-06-12;EUR;7.6683;2020-06-12;TRY
2020-06-11;EUR;7.7301;2020-06-11;TRY
2020-06-10;EUR;7.7059;2020-06-10;TRY
2020-06-09;EUR;7.7071;2020-06-09;TRY
2020-06-08;EUR;7.6659;2020-06-08;TRY
2020-06-05;EUR;7.6406;2020-06-05;TRY
2020-06-04;EUR;7.6597;2020-06-04;TRY
2020-06-03;EUR;7.5759;2020-06-03;TRY
2020-06-02;EUR;7.5008;2020-06-02;TRY
2020-06-01;EUR;7.5873;2020-06-01;TRY
2020-05-29;EUR;7.5697;2020-05-29;TRY
2020-05-28;EUR;7.5479;2020-05-28;TRY
2020-05-27;EUR;7.4546;2020-05-27;TRY
2020-05-26;EUR;7.3878;2020-05-26;TRY
2020-05-25;EUR;7.4229;2020-05-25;TRY
2020-05-22;EUR;7.4287;2020-05-22;TRY
2020-05-21;EUR;7.4371;2020-05-21;TRY
2020-05-20;EUR;7.456;2020-05-20;TRY
2020-05-19;EUR;7.403;2020-05-19;TRY
2020-05-18;EUR;7.5132;2020-05-18;TRY
2020-05-15;EUR;7.4644;2020-05-15;TRY
2020-05-14;EUR;7.4792;2020-05-14;TRY
2020-05-13;EUR;7.545;2020-05-13;TRY
2020-05-12;EUR;7.5904;2020-05-12;TRY
2020-05-11;EUR;7.648;2020-05-11;TRY
2020-05-08;EUR;7.6794;2020-05-08;TRY
2020-05-07;EUR;7.7133;2020-05-07;TRY
2020-05-06;EUR;7.7689;2020-05-06;TRY
2020-05-05;EUR;7.6664;2020-05-05;TRY
2020-05-04;EUR;7.6825;2020-05-04;TRY
2020-05-01;EUR;7.6999;2020-05-01;TRY
2020-04-30;EUR;7.655;2020-04-30;TRY
2020-04-29;EUR;7.5603;2020-04-29;TRY
2020-04-28;EUR;7.5597;2020-04-28;TRY
2020-04-27;EUR;7.566;2020-04-27;TRY
2020-04-24;EUR;7.5474;2020-04-24;TRY
2020-04-23;EUR;7.4866;2020-04-23;TRY
2020-04-22;EUR;7.5531;2020-04-22;TRY
2020-04-21;EUR;7.5802;2020-04-21;TRY
2020-04-20;EUR;7.5392;2020-04-20;TRY
2020-04-17;EUR;7.5377;2020-04-17;TRY
2020-04-16;EUR;7.5205;2020-04-16;TRY
2020-04-15;EUR;7.5401;2020-04-15;TRY
2020-04-14;EUR;7.4841;2020-04-14;TRY
2020-04-13;EUR;7.3911;2020-04-13;TRY
2020-04-10;EUR;7.3272;2020-04-10;TRY
2020-04-09;EUR;7.2947;2020-04-09;TRY
2020-04-08;EUR;7.3547;2020-04-08;TRY
2020-04-07;EUR;7.3552;2020-04-07;TRY
2020-04-06;EUR;7.3193;2020-04-06;TRY
2020-04-03;EUR;7.2755;2020-04-03;TRY
2020-04-02;EUR;7.1829;2020-04-02;TRY
2020-04-01;EUR;7.3485;2020-04-01;TRY
2020-03-31;EUR;7.2962;2020-03-31;TRY
2020-03-30;EUR;7.2673;2020-03-30;TRY
2020-03-27;EUR;7.1922;2020-03-27;TRY
2020-03-26;EUR;7.0572;2020-03-26;TRY
2020-03-25;EUR;6.983;2020-03-25;TRY
2020-03-24;EUR;6.9268;2020-03-24;TRY
2020-03-23;EUR;7.0361;2020-03-23;TRY
2020-03-20;EUR;7.0079;2020-03-20;TRY
2020-03-19;EUR;6.9967;2020-03-19;TRY
2020-03-18;EUR;7.0858;2020-03-18;TRY
2020-03-17;EUR;7.0352;2020-03-17;TRY
2020-03-16;EUR;7.1924;2020-03-16;TRY
2020-03-13;EUR;7.0328;2020-03-13;TRY
2020-03-12;EUR;7.0643;2020-03-12;TRY
2020-03-11;EUR;6.997;2020-03-11;TRY
2020-03-10;EUR;6.9456;2020-03-10;TRY
2020-03-09;EUR;7.0345;2020-03-09;TRY
2020-03-06;EUR;6.8754;2020-03-06;TRY
2020-03-05;EUR;6.8643;2020-03-05;TRY
2020-03-04;EUR;6.7677;2020-03-04;TRY
2020-03-03;EUR;6.8233;2020-03-03;TRY
2020-03-02;EUR;6.8745;2020-03-02;TRY
2020-02-28;EUR;6.8835;2020-02-28;TRY
2020-02-27;EUR;6.8286;2020-02-27;TRY
2020-02-26;EUR;6.7016;2020-02-26;TRY
2020-02-25;EUR;6.6853;2020-02-25;TRY
2020-02-24;EUR;6.6394;2020-02-24;TRY
2020-02-21;EUR;6.6117;2020-02-21;TRY
2020-02-20;EUR;6.5786;2020-02-20;TRY
2020-02-19;EUR;6.5725;2020-02-19;TRY
2020-02-18;EUR;6.5445;2020-02-18;TRY
2020-02-17;EUR;6.5499;2020-02-17;TRY
2020-02-14;EUR;6.5539;2020-02-14;TRY
2020-02-13;EUR;6.5488;2020-02-13;TRY
2020-02-12;EUR;6.5694;2020-02-12;TRY
2020-02-11;EUR;6.5674;2020-02-11;TRY
2020-02-10;EUR;6.5584;2020-02-10;TRY
2020-02-07;EUR;6.5837;2020-02-07;TRY
2020-02-06;EUR;6.5744;2020-02-06;TRY
2020-02-05;EUR;6.5804;2020-02-05;TRY
2020-02-04;EUR;6.6044;2020-02-04;TRY
2020-02-03;EUR;6.6188;2020-02-03;TRY
2020-01-31;EUR;6.6367;2020-01-31;TRY
2020-01-30;EUR;6.5889;2020-01-30;TRY
2020-01-29;EUR;6.5589;2020-01-29;TRY
2020-01-28;EUR;6.5474;2020-01-28;TRY
2020-01-27;EUR;6.5497;2020-01-27;TRY
2020-01-24;EUR;6.5479;2020-01-24;TRY
2020-01-23;EUR;6.5599;2020-01-23;TRY
2020-01-22;EUR;6.5694;2020-01-22;TRY
2020-01-21;EUR;6.5813;2020-01-21;TRY
2020-01-20;EUR;6.5607;2020-01-20;TRY
2020-01-17;EUR;6.5329;2020-01-17;TRY
2020-01-16;EUR;6.5259;2020-01-16;TRY
2020-01-15;EUR;6.5521;2020-01-15;TRY
2020-01-14;EUR;6.5461;2020-01-14;TRY
2020-01-13;EUR;6.533;2020-01-13;TRY
2020-01-10;EUR;6.5372;2020-01-10;TRY
2020-01-09;EUR;6.5231;2020-01-09;TRY
2020-01-08;EUR;6.5618;2020-01-08;TRY
2020-01-07;EUR;6.662;2020-01-07;TRY
2020-01-06;EUR;6.6841;2020-01-06;TRY
2020-01-03;EUR;6.6662;2020-01-03;TRY
2020-01-02;EUR;6.6553;2020-01-02;TRY
2020-01-01;EUR;6.6673;2020-01-01;TRY
2019-12-31;EUR;6.6699;2019-12-31;TRY
2019-12-30;EUR;6.6612;2019-12-30;TRY
2019-12-27;EUR;6.6502;2019-12-27;TRY
2019-12-26;EUR;6.585;2019-12-26;TRY
2019-12-25;EUR;6.5825;2019-12-25;TRY
2019-12-24;EUR;6.5938;2019-12-24;TRY
2019-12-23;EUR;6.5959;2019-12-23;TRY
2019-12-20;EUR;6.5808;2019-12-20;TRY
2019-12-19;EUR;6.6084;2019-12-19;TRY
2019-12-18;EUR;6.5857;2019-12-18;TRY
2019-12-17;EUR;6.5629;2019-12-17;TRY
2019-12-16;EUR;6.5191;2019-12-16;TRY
2019-12-13;EUR;6.4593;2019-12-13;TRY
2019-12-12;EUR;6.4459;2019-12-12;TRY
2019-12-11;EUR;6.4637;2019-12-11;TRY
2019-12-10;EUR;6.4403;2019-12-10;TRY
2019-12-09;EUR;6.4295;2019-12-09;TRY
2019-12-06;EUR;6.3883;2019-12-06;TRY
2019-12-05;EUR;6.3835;2019-12-05;TRY
2019-12-04;EUR;6.3708;2019-12-04;TRY
2019-12-03;EUR;6.3651;2019-12-03;TRY
2019-12-02;EUR;6.3612;2019-12-02;TRY
2019-11-29;EUR;6.3315;2019-11-29;TRY
2019-11-28;EUR;6.3396;2019-11-28;TRY
2019-11-27;EUR;6.3551;2019-11-27;TRY
2019-11-26;EUR;6.3475;2019-11-26;TRY
2019-11-25;EUR;6.3239;2019-11-25;TRY
2019-11-22;EUR;6.2983;2019-11-22;TRY
2019-11-21;EUR;6.2992;2019-11-21;TRY
2019-11-20;EUR;6.3116;2019-11-20;TRY
2019-11-19;EUR;6.3139;2019-11-19;TRY
2019-11-18;EUR;6.3519;2019-11-18;TRY
2019-11-15;EUR;6.3498;2019-11-15;TRY
2019-11-14;EUR;6.3356;2019-11-14;TRY
2019-11-13;EUR;6.3183;2019-11-13;TRY
2019-11-12;EUR;6.3605;2019-11-12;TRY
2019-11-11;EUR;6.3697;2019-11-11;TRY
2019-11-08;EUR;6.3551;2019-11-08;TRY
2019-11-07;EUR;6.3562;2019-11-07;TRY
2019-11-06;EUR;6.3636;2019-11-06;TRY
2019-11-05;EUR;6.3715;2019-11-05;TRY
2019-11-04;EUR;6.3861;2019-11-04;TRY
2019-11-01;EUR;6.3791;2019-11-01;TRY
2019-10-31;EUR;6.3711;2019-10-31;TRY
2019-10-30;EUR;6.3578;2019-10-30;TRY
2019-10-29;EUR;6.3753;2019-10-29;TRY
2019-10-28;EUR;6.3616;2019-10-28;TRY
2019-10-25;EUR;6.3985;2019-10-25;TRY
2019-10-24;EUR;6.4014;2019-10-24;TRY
2019-10-23;EUR;6.3835;2019-10-23;TRY
2019-10-22;EUR;6.4619;2019-10-22;TRY
2019-10-21;EUR;6.5312;2019-10-21;TRY
2019-10-18;EUR;6.4702;2019-10-18;TRY
2019-10-17;EUR;6.4852;2019-10-17;TRY
2019-10-16;EUR;6.5181;2019-10-16;TRY
2019-10-15;EUR;6.5277;2019-10-15;TRY
2019-10-14;EUR;6.537;2019-10-14;TRY
2019-10-11;EUR;6.4985;2019-10-11;TRY
2019-10-10;EUR;6.4236;2019-10-10;TRY
2019-10-09;EUR;6.4414;2019-10-09;TRY
2019-10-08;EUR;6.3885;2019-10-08;TRY
2019-10-07;EUR;6.3991;2019-10-07;TRY
2019-10-04;EUR;6.2533;2019-10-04;TRY
2019-10-03;EUR;6.2447;2019-10-03;TRY
2019-10-02;EUR;6.2488;2019-10-02;TRY
2019-10-01;EUR;6.2565;2019-10-01;TRY
2019-09-30;EUR;6.1573;2019-09-30;TRY
2019-09-27;EUR;6.2032;2019-09-27;TRY
2019-09-26;EUR;6.1879;2019-09-26;TRY
2019-09-25;EUR;6.2054;2019-09-25;TRY
2019-09-24;EUR;6.2785;2019-09-24;TRY
2019-09-23;EUR;6.2851;2019-09-23;TRY
2019-09-20;EUR;6.3286;2019-09-20;TRY
2019-09-19;EUR;6.3139;2019-09-19;TRY
2019-09-18;EUR;6.2615;2019-09-18;TRY
2019-09-17;EUR;6.3132;2019-09-17;TRY
2019-09-16;EUR;6.303;2019-09-16;TRY
2019-09-13;EUR;6.2973;2019-09-13;TRY
2019-09-12;EUR;6.2579;2019-09-12;TRY
2019-09-11;EUR;6.3323;2019-09-11;TRY
2019-09-10;EUR;6.3701;2019-09-10;TRY
2019-09-09;EUR;6.3525;2019-09-09;TRY
2019-09-06;EUR;6.3037;2019-09-06;TRY
2019-09-05;EUR;6.2809;2019-09-05;TRY
2019-09-04;EUR;6.2541;2019-09-04;TRY
2019-09-03;EUR;6.2873;2019-09-03;TRY
2019-09-02;EUR;6.3689;2019-09-02;TRY
2019-08-30;EUR;6.4084;2019-08-30;TRY
2019-08-29;EUR;6.4573;2019-08-29;TRY
2019-08-28;EUR;6.4398;2019-08-28;TRY
2019-08-27;EUR;6.463;2019-08-27;TRY
2019-08-26;EUR;6.4672;2019-08-26;TRY
2019-08-23;EUR;6.4191;2019-08-23;TRY
2019-08-22;EUR;6.3915;2019-08-22;TRY
2019-08-21;EUR;6.3364;2019-08-21;TRY
2019-08-20;EUR;6.3594;2019-08-20;TRY
2019-08-19;EUR;6.2712;2019-08-19;TRY
2019-08-16;EUR;6.1866;2019-08-16;TRY
2019-08-15;EUR;6.1841;2019-08-15;TRY
2019-08-14;EUR;6.2521;2019-08-14;TRY
2019-08-13;EUR;6.2141;2019-08-13;TRY
2019-08-12;EUR;6.2389;2019-08-12;TRY
2019-08-09;EUR;6.1507;2019-08-09;TRY
2019-08-08;EUR;6.1249;2019-08-08;TRY
2019-08-07;EUR;6.1525;2019-08-07;TRY
2019-08-06;EUR;6.1833;2019-08-06;TRY
2019-08-05;EUR;6.2415;2019-08-05;TRY
2019-08-02;EUR;6.1762;2019-08-02;TRY
2019-08-01;EUR;6.2123;2019-08-01;TRY
2019-07-31;EUR;6.1875;2019-07-31;TRY
2019-07-30;EUR;6.2019;2019-07-30;TRY
2019-07-29;EUR;6.2575;2019-07-29;TRY
2019-07-26;EUR;6.311;2019-07-26;TRY
2019-07-25;EUR;6.3568;2019-07-25;TRY
2019-07-24;EUR;6.3593;2019-07-24;TRY
2019-07-23;EUR;6.377;2019-07-23;TRY
2019-07-22;EUR;6.3639;2019-07-22;TRY
2019-07-19;EUR;6.3461;2019-07-19;TRY
2019-07-18;EUR;6.3354;2019-07-18;TRY
2019-07-17;EUR;6.38;2019-07-17;TRY
2019-07-16;EUR;6.4035;2019-07-16;TRY
2019-07-15;EUR;6.4337;2019-07-15;TRY
2019-07-12;EUR;6.447;2019-07-12;TRY
2019-07-11;EUR;6.3849;2019-07-11;TRY
2019-07-10;EUR;6.3838;2019-07-10;TRY
2019-07-09;EUR;6.4247;2019-07-09;TRY
2019-07-08;EUR;6.4332;2019-07-08;TRY
2019-07-05;EUR;6.3183;2019-07-05;TRY
2019-07-04;EUR;6.3143;2019-07-04;TRY
2019-07-03;EUR;6.3437;2019-07-03;TRY
2019-07-02;EUR;6.3792;2019-07-02;TRY
2019-07-01;EUR;6.3771;2019-07-01;TRY
2019-06-28;EUR;6.5856;2019-06-28;TRY
2019-06-27;EUR;6.5631;2019-06-27;TRY
2019-06-26;EUR;6.5659;2019-06-26;TRY
2019-06-25;EUR;6.5865;2019-06-25;TRY
2019-06-24;EUR;6.6211;2019-06-24;TRY
2019-06-21;EUR;6.6178;2019-06-21;TRY
2019-06-20;EUR;6.5096;2019-06-20;TRY
2019-06-19;EUR;6.5014;2019-06-19;TRY
2019-06-18;EUR;6.5237;2019-06-18;TRY
2019-06-17;EUR;6.5885;2019-06-17;TRY
2019-06-14;EUR;6.615;2019-06-14;TRY
2019-06-13;EUR;6.6175;2019-06-13;TRY
2019-06-12;EUR;6.5569;2019-06-12;TRY
2019-06-11;EUR;6.5695;2019-06-11;TRY
2019-06-10;EUR;6.5338;2019-06-10;TRY
2019-06-07;EUR;6.6083;2019-06-07;TRY
2019-06-06;EUR;6.5176;2019-06-06;TRY
2019-06-05;EUR;6.4307;2019-06-05;TRY
2019-06-04;EUR;6.5064;2019-06-04;TRY
2019-06-03;EUR;6.5579;2019-06-03;TRY
2019-05-31;EUR;6.5309;2019-05-31;TRY
2019-05-30;EUR;6.5416;2019-05-30;TRY
2019-05-29;EUR;6.692;2019-05-29;TRY
2019-05-28;EUR;6.7319;2019-05-28;TRY
2019-05-27;EUR;6.7896;2019-05-27;TRY
2019-05-24;EUR;6.8152;2019-05-24;TRY
2019-05-23;EUR;6.8161;2019-05-23;TRY
2019-05-22;EUR;6.8032;2019-05-22;TRY
2019-05-21;EUR;6.7549;2019-05-21;TRY
2019-05-20;EUR;6.7327;2019-05-20;TRY
2019-05-17;EUR;6.7571;2019-05-17;TRY
2019-05-16;EUR;6.7556;2019-05-16;TRY
2019-05-15;EUR;6.7219;2019-05-15;TRY
2019-05-14;EUR;6.7618;2019-05-14;TRY
2019-05-13;EUR;6.8011;2019-05-13;TRY
2019-05-10;EUR;6.7242;2019-05-10;TRY
2019-05-09;EUR;6.9456;2019-05-09;TRY
2019-05-08;EUR;6.9231;2019-05-08;TRY
2019-05-07;EUR;6.8837;2019-05-07;TRY
2019-05-06;EUR;6.8103;2019-05-06;TRY
2019-05-03;EUR;6.6818;2019-05-03;TRY
2019-05-02;EUR;6.6674;2019-05-02;TRY
2019-05-01;EUR;6.6802;2019-05-01;TRY
2019-04-30;EUR;6.691;2019-04-30;TRY
2019-04-29;EUR;6.6538;2019-04-29;TRY
2019-04-26;EUR;6.6205;2019-04-26;TRY
2019-04-25;EUR;6.5977;2019-04-25;TRY
2019-04-24;EUR;6.5533;2019-04-24;TRY
2019-04-23;EUR;6.5447;2019-04-23;TRY
2019-04-22;EUR;6.5611;2019-04-22;TRY
2019-04-19;EUR;6.5367;2019-04-19;TRY
2019-04-18;EUR;6.5159;2019-04-18;TRY
2019-04-17;EUR;6.4827;2019-04-17;TRY
2019-04-16;EUR;6.5095;2019-04-16;TRY
2019-04-15;EUR;6.5641;2019-04-15;TRY
2019-04-12;EUR;6.5207;2019-04-12;TRY
2019-04-11;EUR;6.4576;2019-04-11;TRY
2019-04-10;EUR;6.4054;2019-04-10;TRY
2019-04-09;EUR;6.4112;2019-04-09;TRY
2019-04-08;EUR;6.4078;2019-04-08;TRY
2019-04-05;EUR;6.3103;2019-04-05;TRY
2019-04-04;EUR;6.2752;2019-04-04;TRY
2019-04-03;EUR;6.3205;2019-04-03;TRY
2019-04-02;EUR;6.2804;2019-04-02;TRY
2019-04-01;EUR;6.1518;2019-04-01;TRY
2019-03-29;EUR;6.2321;2019-03-29;TRY
2019-03-28;EUR;6.2447;2019-03-28;TRY
2019-03-27;EUR;5.9906;2019-03-27;TRY
2019-03-26;EUR;6.0024;2019-03-26;TRY
2019-03-25;EUR;6.279;2019-03-25;TRY
2019-03-22;EUR;6.5199;2019-03-22;TRY
2019-03-21;EUR;6.2159;2019-03-21;TRY
2019-03-20;EUR;6.1871;2019-03-20;TRY
2019-03-19;EUR;6.2165;2019-03-19;TRY
2019-03-18;EUR;6.1991;2019-03-18;TRY
2019-03-15;EUR;6.1687;2019-03-15;TRY
2019-03-14;EUR;6.1799;2019-03-14;TRY
2019-03-13;EUR;6.1784;2019-03-13;TRY
2019-03-12;EUR;6.1601;2019-03-12;TRY
2019-03-11;EUR;6.1259;2019-03-11;TRY
2019-03-08;EUR;6.1039;2019-03-08;TRY
2019-03-07;EUR;6.1245;2019-03-07;TRY
2019-03-06;EUR;6.1383;2019-03-06;TRY
2019-03-05;EUR;6.0916;2019-03-05;TRY
2021-04-23;EUR;1.2099;2021-04-23;USD
2021-04-22;EUR;1.2015;2021-04-22;USD
2021-04-21;EUR;1.2033;2021-04-21;USD
2021-04-20;EUR;1.2033;2021-04-20;USD
2021-04-19;EUR;1.2033;2021-04-19;USD
2021-04-16;EUR;1.1983;2021-04-16;USD
2021-04-15;EUR;1.1965;2021-04-15;USD
2021-04-14;EUR;1.1978;2021-04-14;USD
2021-04-13;EUR;1.1946;2021-04-13;USD
2021-04-12;EUR;1.1909;2021-04-12;USD
2021-04-09;EUR;1.1896;2021-04-09;USD
2021-04-08;EUR;1.1912;2021-04-08;USD
2021-04-07;EUR;1.1870;2021-04-07;USD
2021-04-06;EUR;1.1875;2021-04-06;USD
2021-04-05;EUR;1.1811;2021-04-05;USD
2021-04-02;EUR;1.1762;2021-04-02;USD
2021-04-01;EUR;1.1775;2021-04-01;USD
2021-03-31;EUR;1.1728;2021-03-31;USD
2021-03-30;EUR;1.1714;2021-03-30;USD
2021-03-29;EUR;1.1762;2021-03-29;USD
2021-03-26;EUR;1.1796;2021-03-26;USD
2021-03-25;EUR;1.1764;2021-03-25;USD
2021-03-24;EUR;1.1812;2021-03-24;USD
2021-03-23;EUR;1.1849;2021-03-23;USD
2021-03-22;EUR;1.1931;2021-03-22;USD
2021-03-19;EUR;1.1903;2021-03-19;USD
2021-06-18;EUR;1.1915;2021-06-18;USD
2021-03-17;EUR;1.1978;2021-03-17;USD
2021-03-16;EUR;1.1900;2021-03-16;USD
2021-03-15;EUR;1.1928;2021-03-15;USD
2021-03-12;EUR;1.1952;2021-03-12;USD
2021-03-11;EUR;1.1984;2021-03-11;USD
2021-03-10;EUR;1.1925;2021-03-10;USD
2021-03-09;EUR;1.1898;2021-03-09;USD
2021-03-08;EUR;1.1843;2021-03-08;USD
2021-03-05;EUR;1.1917;2021-03-05;USD
2021-03-04;EUR;1.1966;2021-03-04;USD
2021-03-03;EUR;1.2062;2021-03-03;USD
2021-03-02;EUR;1.2089;2021-03-02;USD
2021-03-01;EUR;1.2047;2021-03-01;USD
2021-02-26;EUR;1.2074;2021-02-26;USD
2021-02-25;EUR;1.2176;2021-02-25;USD
2021-02-24;EUR;1.2164;2021-02-24;USD
2021-02-23;EUR;1.2149;2021-02-23;USD
2021-02-22;EUR;1.2154;2021-02-22;USD
2021-02-19;EUR;1.2117;2021-02-19;USD
2021-02-18;EUR;1.2088;2021-02-18;USD
2021-02-17;EUR;1.2036;2021-02-17;USD
2021-02-16;EUR;1.2104;2021-02-16;USD
2021-02-15;EUR;1.2127;2021-02-15;USD
2021-02-12;EUR;1.2118;2021-02-12;USD
2021-02-11;EUR;1.2128;2021-02-11;USD
2021-02-10;EUR;1.2116;2021-02-10;USD
2021-02-09;EUR;1.2117;2021-02-09;USD
2021-02-08;EUR;1.2048;2021-02-08;USD
2021-02-05;EUR;1.2042;2021-02-05;USD
2021-02-04;EUR;1.1962;2021-02-04;USD
2021-02-03;EUR;1.2034;2021-02-03;USD
2021-02-02;EUR;1.2042;2021-02-02;USD
2021-02-01;EUR;1.2059;2021-02-01;USD
2021-01-29;EUR;1.2136;2021-01-29;USD
2021-01-28;EUR;1.2121;2021-01-28;USD
2021-01-27;EUR;1.2108;2021-01-27;USD
2021-01-26;EUR;1.2160;2021-01-26;USD
2021-01-25;EUR;1.2137;2021-01-25;USD
2021-01-22;EUR;1.2167;2021-01-22;USD
2021-01-21;EUR;1.2162;2021-01-21;USD
2021-01-20;EUR;1.2104;2021-01-20;USD
2021-01-19;EUR;1.2128;2021-01-19;USD
2021-01-18;EUR;1.2076;2021-01-18;USD
2021-01-15;EUR;1.2078;2021-01-15;USD
2021-01-14;EUR;1.2156;2021-01-14;USD
2021-01-13;EUR;1.2157;2021-01-13;USD
2021-01-12;EUR;1.2207;2021-01-12;USD
2021-01-11;EUR;1.2149;2021-01-11;USD
2021-01-08;EUR;1.2218;2021-01-08;USD
2021-01-07;EUR;1.2270;2021-01-07;USD
2021-01-06;EUR;1.2325;2021-01-06;USD
2021-01-05;EUR;1.2294;2021-01-05;USD
2021-01-04;EUR;1.2248;2021-01-04;USD
2021-01-01;EUR;1.2212;2021-01-01;USD
2020-12-31;EUR;1.2214;2020-12-31;USD
2020-12-30;EUR;1.2295;2020-12-30;USD
2020-12-29;EUR;1.2247;2020-12-29;USD
2020-12-28;EUR;1.2214;2020-12-28;USD
2020-12-25;EUR;1.2204;2020-12-25;USD
2020-12-24;EUR;1.2186;2020-12-24;USD
2020-12-23;EUR;1.2185;2020-12-23;USD
2020-12-22;EUR;1.2161;2020-12-22;USD
2020-12-21;EUR;1.2242;2020-12-21;USD
2020-12-18;EUR;1.2255;2020-12-18;USD
2020-12-17;EUR;1.2266;2020-12-17;USD
2020-12-16;EUR;1.2197;2020-12-16;USD
2020-12-15;EUR;1.2151;2020-12-15;USD
2020-12-14;EUR;1.2143;2020-12-14;USD
2020-12-11;EUR;1.2111;2020-12-11;USD
2020-12-10;EUR;1.2136;2020-12-10;USD
2020-12-09;EUR;1.2081;2020-12-09;USD
2020-12-08;EUR;1.2101;2020-12-08;USD
2020-12-07;EUR;1.2108;2020-12-07;USD
2020-12-04;EUR;1.2120;2020-12-04;USD
2020-12-03;EUR;1.2140;2020-12-03;USD
2020-12-02;EUR;1.2115;2020-12-02;USD
2020-12-01;EUR;1.2070;2020-12-01;USD
2020-11-30;EUR;1.1928;2020-11-30;USD
2020-11-27;EUR;1.1962;2020-11-27;USD
2020-11-26;EUR;1.1913;2020-11-26;USD
2020-11-25;EUR;1.1913;2020-11-25;USD
2020-11-24;EUR;1.1888;2020-11-24;USD
2020-11-23;EUR;1.1840;2020-11-23;USD
2020-11-20;EUR;1.1853;2020-11-20;USD
2020-11-19;EUR;1.1873;2020-11-19;USD
2020-11-18;EUR;1.1852;2020-11-18;USD
2020-11-17;EUR;1.1861;2020-11-17;USD
2020-11-16;EUR;1.1853;2020-11-16;USD
2020-11-13;EUR;1.1832;2020-11-13;USD
2020-11-12;EUR;1.1804;2020-11-12;USD
2020-11-11;EUR;1.1777;2020-11-11;USD
2020-11-10;EUR;1.1814;2020-11-10;USD
2020-11-09;EUR;1.1813;2020-11-09;USD
2020-11-06;EUR;1.1872;2020-11-06;USD
2020-11-05;EUR;1.1821;2020-11-05;USD
2020-11-04;EUR;1.1722;2020-11-04;USD
2020-11-03;EUR;1.1711;2020-11-03;USD
2020-11-02;EUR;1.1640;2020-11-02;USD
2020-10-30;EUR;1.1647;2020-10-30;USD
2020-10-29;EUR;1.1674;2020-10-29;USD
2020-10-28;EUR;1.1744;2020-10-28;USD
2020-10-27;EUR;1.1795;2020-10-27;USD
2020-10-26;EUR;1.1808;2020-10-26;USD
2020-10-23;EUR;1.1859;2020-10-23;USD
2020-10-22;EUR;1.1816;2020-10-22;USD
2020-10-21;EUR;1.1861;2020-10-21;USD
2020-10-20;EUR;1.1821;2020-10-20;USD
2020-10-19;EUR;1.1766;2020-10-19;USD
2020-10-16;EUR;1.1718;2020-10-16;USD
2020-10-15;EUR;1.1706;2020-10-15;USD
2020-10-14;EUR;1.1746;2020-10-14;USD
2020-10-13;EUR;1.1744;2020-10-13;USD
2020-10-12;EUR;1.1813;2020-10-12;USD
2020-10-09;EUR;1.1824;2020-10-09;USD
2020-10-08;EUR;1.1758;2020-10-08;USD
2020-10-07;EUR;1.1760;2020-10-07;USD
2020-10-06;EUR;1.1734;2020-10-06;USD
2020-10-05;EUR;1.1781;2020-10-05;USD
2020-10-02;EUR;1.1713;2020-10-02;USD
2020-10-01;EUR;1.1747;2020-10-01;USD
2020-09-30;EUR;1.1718;2020-09-30;USD
2020-09-29;EUR;1.1742;2020-09-29;USD
2020-09-28;EUR;1.1664;2020-09-28;USD
2020-09-25;EUR;1.1630;2020-09-25;USD
2020-09-24;EUR;1.1672;2020-09-24;USD
2020-09-23;EUR;1.1659;2020-09-23;USD
2020-09-22;EUR;1.1706;2020-09-22;USD
2020-09-21;EUR;1.1769;2020-09-21;USD
2020-09-18;EUR;1.1837;2020-09-18;USD
2020-09-17;EUR;1.1847;2020-09-17;USD
2020-09-16;EUR;1.1814;2020-09-16;USD
2020-09-15;EUR;1.1845;2020-09-15;USD
2020-09-14;EUR;1.1868;2020-09-14;USD
2020-09-11;EUR;1.1845;2020-09-11;USD
2020-09-10;EUR;1.1813;2020-09-10;USD
2020-09-09;EUR;1.1802;2020-09-09;USD
2020-09-08;EUR;1.1779;2020-09-08;USD
2020-09-07;EUR;1.1817;2020-09-07;USD
2020-09-04;EUR;1.1838;2020-09-04;USD
2020-09-03;EUR;1.1849;2020-09-03;USD
2020-09-02;EUR;1.1853;2020-09-02;USD
2020-09-01;EUR;1.1910;2020-09-01;USD
2020-08-31;EUR;1.1936;2020-08-31;USD
2020-08-28;EUR;1.1903;2020-08-28;USD
2020-08-27;EUR;1.1821;2020-08-27;USD
2020-08-26;EUR;1.1829;2020-08-26;USD
2020-08-25;EUR;1.1833;2020-08-25;USD
2020-08-24;EUR;1.1787;2020-08-24;USD
2020-08-21;EUR;1.1795;2020-08-21;USD
2020-08-20;EUR;1.1859;2020-08-20;USD
2020-08-19;EUR;1.1836;2020-08-19;USD
2020-08-18;EUR;1.1929;2020-08-18;USD
2020-08-17;EUR;1.1869;2020-08-17;USD
2020-08-14;EUR;1.1841;2020-08-14;USD
2020-08-13;EUR;1.1812;2020-08-13;USD
2020-08-12;EUR;1.1782;2020-08-12;USD
2020-08-11;EUR;1.1739;2020-08-11;USD
2020-08-10;EUR;1.1736;2020-08-10;USD
2020-08-07;EUR;1.1788;2020-08-07;USD
2020-08-06;EUR;1.1876;2020-08-06;USD
2020-08-05;EUR;1.1863;2020-08-05;USD
2020-08-04;EUR;1.1802;2020-08-04;USD
2020-08-03;EUR;1.1763;2020-08-03;USD
2020-07-31;EUR;1.1776;2020-07-31;USD
2020-07-30;EUR;1.1847;2020-07-30;USD
2020-07-29;EUR;1.1792;2020-07-29;USD
2020-07-28;EUR;1.1716;2020-07-28;USD
2020-07-27;EUR;1.1752;2020-07-27;USD
2020-07-24;EUR;1.1656;2020-07-24;USD
2020-07-23;EUR;1.1596;2020-07-23;USD
2020-07-22;EUR;1.1570;2020-07-22;USD
2020-07-21;EUR;1.1528;2020-07-21;USD
2020-07-20;EUR;1.1446;2020-07-20;USD
2020-07-17;EUR;1.1428;2020-07-17;USD
2020-07-16;EUR;1.1384;2020-07-16;USD
2020-07-15;EUR;1.1411;2020-07-15;USD
2020-07-14;EUR;1.1398;2020-07-14;USD
2020-07-13;EUR;1.1342;2020-07-13;USD
2020-07-10;EUR;1.1300;2020-07-10;USD
2020-07-09;EUR;1.1283;2020-07-09;USD
2020-07-08;EUR;1.1330;2020-07-08;USD
2020-07-07;EUR;1.1272;2020-07-07;USD
2020-07-06;EUR;1.1309;2020-07-06;USD
2020-07-03;EUR;1.1249;2020-07-03;USD
2020-07-02;EUR;1.1240;2020-07-02;USD
2020-07-01;EUR;1.1252;2020-07-01;USD
2020-06-30;EUR;1.1233;2020-06-30;USD
2020-06-29;EUR;1.1242;2020-06-29;USD
2020-06-26;EUR;1.1219;2020-06-26;USD
2020-06-25;EUR;1.1218;2020-06-25;USD
2020-06-24;EUR;1.1252;2020-06-24;USD
2020-06-23;EUR;1.1308;2020-06-23;USD
2020-06-22;EUR;1.1260;2020-06-22;USD
2020-06-19;EUR;1.1177;2020-06-19;USD
2020-06-18;EUR;1.1204;2020-06-18;USD
2020-06-17;EUR;1.1244;2020-06-17;USD
2020-06-16;EUR;1.1264;2020-06-16;USD
2020-06-15;EUR;1.1324;2020-06-15;USD
2020-06-12;EUR;1.1256;2020-06-12;USD
2020-06-11;EUR;1.1299;2020-06-11;USD
2020-06-10;EUR;1.1371;2020-06-10;USD
2020-06-09;EUR;1.1342;2020-06-09;USD
2020-06-08;EUR;1.1294;2020-06-08;USD
2020-06-05;EUR;1.1286;2020-06-05;USD
2020-06-04;EUR;1.1338;2020-06-04;USD
2020-06-03;EUR;1.1234;2020-06-03;USD
2020-06-02;EUR;1.1171;2020-06-02;USD
2020-06-01;EUR;1.1135;2020-06-01;USD
2020-05-29;EUR;1.1099;2020-05-29;USD
2020-05-28;EUR;1.1078;2020-05-28;USD
2020-05-27;EUR;1.1005;2020-05-27;USD
2020-05-26;EUR;1.0982;2020-05-26;USD
2020-05-25;EUR;1.0900;2020-05-25;USD
2020-05-22;EUR;1.0902;2020-05-22;USD
2020-05-21;EUR;1.0950;2020-05-21;USD
2020-05-20;EUR;1.0979;2020-05-20;USD
2020-05-19;EUR;1.0923;2020-05-19;USD
2020-05-18;EUR;1.0913;2020-05-18;USD
2020-05-15;EUR;1.0816;2020-05-15;USD
2020-05-14;EUR;1.0805;2020-05-14;USD
2020-05-13;EUR;1.0818;2020-05-13;USD
2020-05-12;EUR;1.0848;2020-05-12;USD
2020-05-11;EUR;1.0808;2020-05-11;USD
2020-05-08;EUR;1.0841;2020-05-08;USD
2020-05-07;EUR;1.0834;2020-05-07;USD
2020-05-06;EUR;1.0795;2020-05-06;USD
2020-05-05;EUR;1.0840;2020-05-05;USD
2020-05-04;EUR;1.0908;2020-05-04;USD
2020-05-01;EUR;1.0985;2020-05-01;USD
2020-04-30;EUR;1.0957;2020-04-30;USD
2020-04-29;EUR;1.0875;2020-04-29;USD
2020-04-28;EUR;1.0820;2020-04-28;USD
2020-04-27;EUR;1.0830;2020-04-27;USD
2020-04-24;EUR;1.0821;2020-04-24;USD
2020-04-23;EUR;1.0778;2020-04-23;USD
2020-04-22;EUR;1.0823;2020-04-22;USD
2020-04-21;EUR;1.0858;2020-04-21;USD
2020-04-20;EUR;1.0863;2020-04-20;USD
2020-04-17;EUR;1.0878;2020-04-17;USD
2020-04-16;EUR;1.0837;2020-04-16;USD
2020-04-15;EUR;1.0909;2020-04-15;USD
2020-04-14;EUR;1.0981;2020-04-14;USD
2020-04-13;EUR;1.0915;2020-04-13;USD
2020-04-10;EUR;1.0936;2020-04-10;USD
2020-04-09;EUR;1.0929;2020-04-09;USD
2020-04-08;EUR;1.0858;2020-04-08;USD
2020-04-07;EUR;1.0891;2020-04-07;USD
2020-04-06;EUR;1.0793;2020-04-06;USD
2020-04-03;EUR;1.0809;2020-04-03;USD
2020-04-02;EUR;1.0858;2020-04-02;USD
2020-04-01;EUR;1.0964;2020-04-01;USD
2020-03-31;EUR;1.1031;2020-03-31;USD
2020-03-30;EUR;1.1048;2020-03-30;USD
2020-03-27;EUR;1.1142;2020-03-27;USD
2020-03-26;EUR;1.1030;2020-03-26;USD
2020-03-25;EUR;1.0882;2020-03-25;USD
2020-03-24;EUR;1.0789;2020-03-24;USD
2020-03-23;EUR;1.0723;2020-03-23;USD
2020-03-20;EUR;1.0695;2020-03-20;USD
2020-03-19;EUR;1.0691;2020-03-19;USD
2020-03-18;EUR;1.0915;2020-03-18;USD
2020-03-17;EUR;1.0997;2020-03-17;USD
2020-03-16;EUR;1.1183;2020-03-16;USD
2020-03-13;EUR;1.1106;2020-03-13;USD
2020-03-12;EUR;1.1185;2020-03-12;USD
2020-03-11;EUR;1.1269;2020-03-11;USD
2020-03-10;EUR;1.1280;2020-03-10;USD
2020-03-09;EUR;1.1449;2020-03-09;USD
2020-03-06;EUR;1.1286;2020-03-06;USD
2020-03-05;EUR;1.1241;2020-03-05;USD
2020-03-04;EUR;1.1136;2020-03-04;USD
2020-03-03;EUR;1.1173;2020-03-03;USD
2020-03-02;EUR;1.1134;2020-03-02;USD
2020-02-28;EUR;1.1027;2020-02-28;USD
2020-02-27;EUR;1.1000;2020-02-27;USD
2020-02-26;EUR;1.0881;2020-02-26;USD
2020-02-25;EUR;1.0881;2020-02-25;USD
2020-02-24;EUR;1.0854;2020-02-24;USD
2020-02-21;EUR;1.0845;2020-02-21;USD
2020-02-20;EUR;1.0785;2020-02-20;USD
2020-02-19;EUR;1.0806;2020-02-19;USD
2020-02-18;EUR;1.0792;2020-02-18;USD
2020-02-17;EUR;1.0835;2020-02-17;USD
2020-02-14;EUR;1.0832;2020-02-14;USD
2020-02-13;EUR;1.0841;2020-02-13;USD
2020-02-12;EUR;1.0873;2020-02-12;USD
2020-02-11;EUR;1.0916;2020-02-11;USD
2020-02-10;EUR;1.0911;2020-02-10;USD
2020-02-07;EUR;1.0945;2020-02-07;USD
2020-02-06;EUR;1.0980;2020-02-06;USD
2020-02-05;EUR;1.0999;2020-02-05;USD
2020-02-04;EUR;1.1044;2020-02-04;USD
2020-02-03;EUR;1.1060;2020-02-03;USD
2020-01-31;EUR;1.1094;2020-01-31;USD
2020-01-30;EUR;1.1032;2020-01-30;USD
2020-01-29;EUR;1.1011;2020-01-29;USD
2020-01-28;EUR;1.1022;2020-01-28;USD
2020-01-27;EUR;1.1018;2020-01-27;USD
2020-01-24;EUR;1.1025;2020-01-24;USD
2020-01-23;EUR;1.1054;2020-01-23;USD
2020-01-22;EUR;1.1093;2020-01-22;USD
2020-01-21;EUR;1.1084;2020-01-21;USD
2020-01-20;EUR;1.1095;2020-01-20;USD
2020-01-17;EUR;1.1090;2020-01-17;USD
2020-01-16;EUR;1.1137;2020-01-16;USD
2020-01-15;EUR;1.1151;2020-01-15;USD
2020-01-14;EUR;1.1128;2020-01-14;USD
2020-01-13;EUR;1.1135;2020-01-13;USD
2020-01-10;EUR;1.1122;2020-01-10;USD
2020-01-09;EUR;1.1106;2020-01-09;USD
2020-01-08;EUR;1.1105;2020-01-08;USD
2020-01-07;EUR;1.1153;2020-01-07;USD
2020-01-06;EUR;1.1195;2020-01-06;USD
2020-01-03;EUR;1.1160;2020-01-03;USD
2020-01-02;EUR;1.1172;2020-01-02;USD
2020-01-01;EUR;1.1212;2020-01-01;USD
2019-12-31;EUR;1.1212;2019-12-31;USD
2019-12-30;EUR;1.1199;2019-12-30;USD
2019-12-27;EUR;1.1177;2019-12-27;USD
2019-12-26;EUR;1.1098;2019-12-26;USD
2019-12-25;EUR;1.1091;2019-12-25;USD
2019-12-24;EUR;1.1088;2019-12-24;USD
2019-12-23;EUR;1.1088;2019-12-23;USD
2019-12-20;EUR;1.1079;2019-12-20;USD
2019-12-19;EUR;1.1122;2019-12-19;USD
2019-12-18;EUR;1.1113;2019-12-18;USD
2019-12-17;EUR;1.1150;2019-12-17;USD
2019-12-16;EUR;1.1144;2019-12-16;USD
2019-12-13;EUR;1.1121;2019-12-13;USD
2019-12-12;EUR;1.1130;2019-12-12;USD
2019-12-11;EUR;1.1130;2019-12-11;USD
2019-12-10;EUR;1.1093;2019-12-10;USD
2019-12-09;EUR;1.1064;2019-12-09;USD
2019-12-06;EUR;1.1059;2019-12-06;USD
2019-12-05;EUR;1.1104;2019-12-05;USD
2019-12-04;EUR;1.1078;2019-12-04;USD
2019-12-03;EUR;1.1083;2019-12-03;USD
2019-12-02;EUR;1.1079;2019-12-02;USD
2019-11-29;EUR;1.1017;2019-11-29;USD
2019-11-28;EUR;1.1009;2019-11-28;USD
2019-11-27;EUR;1.0999;2019-11-27;USD
2019-11-26;EUR;1.1020;2019-11-26;USD
2019-11-25;EUR;1.1014;2019-11-25;USD
2019-11-22;EUR;1.1024;2019-11-22;USD
2019-11-21;EUR;1.1059;2019-11-21;USD
2019-11-20;EUR;1.1073;2019-11-20;USD
2019-11-19;EUR;1.1079;2019-11-19;USD
2019-11-18;EUR;1.1072;2019-11-18;USD
2019-11-15;EUR;1.1052;2019-11-15;USD
2019-11-14;EUR;1.1023;2019-11-14;USD
2019-11-13;EUR;1.1007;2019-11-13;USD
2019-11-12;EUR;1.1009;2019-11-12;USD
2019-11-11;EUR;1.1033;2019-11-11;USD
2019-11-08;EUR;1.1018;2019-11-08;USD
2019-11-07;EUR;1.1049;2019-11-07;USD
2019-11-06;EUR;1.1067;2019-11-06;USD
2019-11-05;EUR;1.1075;2019-11-05;USD
2019-11-04;EUR;1.1128;2019-11-04;USD
2019-11-01;EUR;1.1167;2019-11-01;USD
2019-10-31;EUR;1.1152;2019-10-31;USD
2019-10-30;EUR;1.1150;2019-10-30;USD
2019-10-29;EUR;1.1112;2019-10-29;USD
2019-10-28;EUR;1.1100;2019-10-28;USD
2019-10-25;EUR;1.1080;2019-10-25;USD
2019-10-24;EUR;1.1105;2019-10-24;USD
2019-10-23;EUR;1.1130;2019-10-23;USD
2019-10-22;EUR;1.1125;2019-10-22;USD
2019-10-21;EUR;1.1149;2019-10-21;USD
2019-10-18;EUR;1.1171;2019-10-18;USD
2019-10-17;EUR;1.1124;2019-10-17;USD
2019-10-16;EUR;1.1072;2019-10-16;USD
2019-10-15;EUR;1.1033;2019-10-15;USD
2019-10-14;EUR;1.1029;2019-10-14;USD
2019-10-11;EUR;1.1042;2019-10-11;USD
2019-10-10;EUR;1.1006;2019-10-10;USD
2019-10-09;EUR;1.0971;2019-10-09;USD
2019-10-08;EUR;1.0956;2019-10-08;USD
2019-10-07;EUR;1.0971;2019-10-07;USD
2019-10-04;EUR;1.0978;2019-10-04;USD
2019-10-03;EUR;1.0966;2019-10-03;USD
2019-10-02;EUR;1.0959;2019-10-02;USD
2019-10-01;EUR;1.0932;2019-10-01;USD
2019-09-30;EUR;1.0900;2019-09-30;USD
2019-09-27;EUR;1.0939;2019-09-27;USD
2019-09-26;EUR;1.0922;2019-09-26;USD
2019-09-25;EUR;1.0943;2019-09-25;USD
2019-09-24;EUR;1.1020;2019-09-24;USD
2019-09-23;EUR;1.0993;2019-09-23;USD
2019-09-20;EUR;1.1018;2019-09-20;USD
2019-09-19;EUR;1.1041;2019-09-19;USD
2019-09-18;EUR;1.1030;2019-09-18;USD
2019-09-17;EUR;1.1073;2019-09-17;USD
2019-09-16;EUR;1.1002;2019-09-16;USD
2019-09-13;EUR;1.1075;2019-09-13;USD
2019-09-12;EUR;1.1063;2019-09-12;USD
2019-09-11;EUR;1.1010;2019-09-11;USD
2019-09-10;EUR;1.1043;2019-09-10;USD
2019-09-09;EUR;1.1048;2019-09-09;USD
2019-09-06;EUR;1.1029;2019-09-06;USD
2019-09-05;EUR;1.1035;2019-09-05;USD
2019-09-04;EUR;1.1034;2019-09-04;USD
2019-09-03;EUR;1.0974;2019-09-03;USD
2019-09-02;EUR;1.0968;2019-09-02;USD
2019-08-30;EUR;1.0991;2019-08-30;USD
2019-08-29;EUR;1.1057;2019-08-29;USD
2019-08-28;EUR;1.1078;2019-08-28;USD
2019-08-27;EUR;1.1091;2019-08-27;USD
2019-08-26;EUR;1.1102;2019-08-26;USD
2019-08-23;EUR;1.1144;2019-08-23;USD
2019-08-22;EUR;1.1079;2019-08-22;USD
2019-08-21;EUR;1.1085;2019-08-21;USD
2019-08-20;EUR;1.1100;2019-08-20;USD
2019-08-19;EUR;1.1078;2019-08-19;USD
2019-08-16;EUR;1.1090;2019-08-16;USD
2019-08-15;EUR;1.1107;2019-08-15;USD
2019-08-14;EUR;1.1139;2019-08-14;USD
2019-08-13;EUR;1.1171;2019-08-13;USD
2019-08-12;EUR;1.1214;2019-08-12;USD
2019-08-09;EUR;1.1200;2019-08-09;USD
2019-08-08;EUR;1.1180;2019-08-08;USD
2019-08-07;EUR;1.1199;2019-08-07;USD
2019-08-06;EUR;1.1200;2019-08-06;USD
2019-08-05;EUR;1.1202;2019-08-05;USD
2019-08-02;EUR;1.1109;2019-08-02;USD
2019-08-01;EUR;1.1085;2019-08-01;USD
2019-07-31;EUR;1.1076;2019-07-31;USD
2019-07-30;EUR;1.1155;2019-07-30;USD
2019-07-29;EUR;1.1144;2019-07-29;USD
2019-07-26;EUR;1.1127;2019-07-26;USD
2019-07-25;EUR;1.1147;2019-07-25;USD
2019-07-24;EUR;1.1141;2019-07-24;USD
2019-07-23;EUR;1.1153;2019-07-23;USD
2019-07-22;EUR;1.1210;2019-07-22;USD
2019-07-19;EUR;1.1222;2019-07-19;USD
2019-07-18;EUR;1.1277;2019-07-18;USD
2019-07-17;EUR;1.1224;2019-07-17;USD
2019-07-16;EUR;1.1211;2019-07-16;USD
2019-07-15;EUR;1.1258;2019-07-15;USD
2019-07-12;EUR;1.1271;2019-07-12;USD
2019-07-11;EUR;1.1254;2019-07-11;USD
2019-07-10;EUR;1.1251;2019-07-10;USD
2019-07-09;EUR;1.1208;2019-07-09;USD
2019-07-08;EUR;1.1214;2019-07-08;USD
2019-07-05;EUR;1.1226;2019-07-05;USD
2019-07-04;EUR;1.1285;2019-07-04;USD
2019-07-03;EUR;1.1278;2019-07-03;USD
2019-07-02;EUR;1.1285;2019-07-02;USD
2019-07-01;EUR;1.1286;2019-07-01;USD
2019-06-28;EUR;1.1370;2019-06-28;USD
2019-06-27;EUR;1.1370;2019-06-27;USD
2019-06-26;EUR;1.1369;2019-06-26;USD
2019-06-25;EUR;1.1367;2019-06-25;USD
2019-06-24;EUR;1.1398;2019-06-24;USD
2019-06-21;EUR;1.1368;2019-06-21;USD
2019-06-20;EUR;1.1292;2019-06-20;USD
2019-06-19;EUR;1.1226;2019-06-19;USD
2019-06-18;EUR;1.1193;2019-06-18;USD
2019-06-17;EUR;1.1218;2019-06-17;USD
2019-06-14;EUR;1.1209;2019-06-14;USD
2019-06-13;EUR;1.1277;2019-06-13;USD
2019-06-12;EUR;1.1289;2019-06-12;USD
2019-06-11;EUR;1.1332;2019-06-11;USD
2019-06-10;EUR;1.1315;2019-06-10;USD
2019-06-07;EUR;1.1333;2019-06-07;USD
2019-06-06;EUR;1.1276;2019-06-06;USD
2019-06-05;EUR;1.1221;2019-06-05;USD
2019-06-04;EUR;1.1252;2019-06-04;USD
2019-06-03;EUR;1.1241;2019-06-03;USD
2019-05-31;EUR;1.1169;2019-05-31;USD
2019-05-30;EUR;1.1131;2019-05-30;USD
2019-05-29;EUR;1.1131;2019-05-29;USD
2019-05-28;EUR;1.1160;2019-05-28;USD
2019-05-27;EUR;1.1199;2019-05-27;USD
2019-05-24;EUR;1.1204;2019-05-24;USD
2019-05-23;EUR;1.1180;2019-05-23;USD
2019-05-22;EUR;1.1153;2019-05-22;USD
2019-05-21;EUR;1.1160;2019-05-21;USD
2019-05-20;EUR;1.1171;2019-05-20;USD
2019-05-17;EUR;1.1158;2019-05-17;USD
2019-05-16;EUR;1.1174;2019-05-16;USD
2019-05-15;EUR;1.1202;2019-05-15;USD
2019-05-14;EUR;1.1204;2019-05-14;USD
2019-05-13;EUR;1.1224;2019-05-13;USD
2019-05-10;EUR;1.1235;2019-05-10;USD
2019-05-09;EUR;1.1222;2019-05-09;USD
2019-05-08;EUR;1.1192;2019-05-08;USD
2019-05-07;EUR;1.1191;2019-05-07;USD
2019-05-06;EUR;1.1200;2019-05-06;USD
2019-05-03;EUR;1.1202;2019-05-03;USD
2019-05-02;EUR;1.1179;2019-05-02;USD
2019-05-01;EUR;1.1196;2019-05-01;USD
2019-04-30;EUR;1.1217;2019-04-30;USD
2019-04-29;EUR;1.1186;2019-04-29;USD
2019-04-26;EUR;1.1149;2019-04-26;USD
2019-04-25;EUR;1.1132;2019-04-25;USD
2019-04-24;EUR;1.1154;2019-04-24;USD
2019-04-23;EUR;1.1227;2019-04-23;USD
2019-04-22;EUR;1.1258;2019-04-22;USD
2019-04-19;EUR;1.1248;2019-04-19;USD
2019-04-18;EUR;1.1231;2019-04-18;USD
2019-04-17;EUR;1.1297;2019-04-17;USD
2019-04-16;EUR;1.1281;2019-04-16;USD
2019-04-15;EUR;1.1309;2019-04-15;USD
2019-04-12;EUR;1.1302;2019-04-12;USD
2019-04-11;EUR;1.1253;2019-04-11;USD
2019-04-10;EUR;1.1274;2019-04-10;USD
2019-04-09;EUR;1.1263;2019-04-09;USD
2019-04-08;EUR;1.1261;2019-04-08;USD
2019-04-05;EUR;1.1216;2019-04-05;USD
2019-04-04;EUR;1.1221;2019-04-04;USD
2019-04-03;EUR;1.1235;2019-04-03;USD
2019-04-02;EUR;1.1204;2019-04-02;USD
2019-04-01;EUR;1.1213;2019-04-01;USD
2019-03-29;EUR;1.1218;2019-03-29;USD
2019-03-28;EUR;1.1222;2019-03-28;USD
2019-03-27;EUR;1.1247;2019-03-27;USD
2019-03-26;EUR;1.1266;2019-03-26;USD
2019-03-25;EUR;1.1313;2019-03-25;USD
2019-03-22;EUR;1.1314;2019-03-22;USD
2019-03-21;EUR;1.1375;2019-03-21;USD
2019-03-20;EUR;1.1414;2019-03-20;USD
2019-03-19;EUR;1.1352;2019-03-19;USD
2019-03-18;EUR;1.1337;2019-03-18;USD
2019-03-15;EUR;1.1325;2019-03-15;USD
2019-03-14;EUR;1.1304;2019-03-14;USD
2019-03-13;EUR;1.1327;2019-03-13;USD
2019-03-12;EUR;1.1288;2019-03-12;USD
2019-03-11;EUR;1.1249;2019-03-11;USD
2019-03-08;EUR;1.1240;2019-03-08;USD
2019-03-07;EUR;1.1194;2019-03-07;USD
2019-03-06;EUR;1.1307;2019-03-06;USD
2019-03-05;EUR;1.1308;2019-03-05;USD
2019-03-04;EUR;1.1340;2019-03-04;USD
2019-03-01;EUR;1.1377;2019-03-01;USD
2019-02-28;EUR;1.1371;2019-02-28;USD
2019-02-27;EUR;1.1369;2019-02-27;USD
2019-02-26;EUR;1.1387;2019-02-26;USD
2019-02-25;EUR;1.1359;2019-02-25;USD
2019-02-22;EUR;1.1343;2019-02-22;USD
2019-02-21;EUR;1.1336;2019-02-21;USD
2019-02-20;EUR;1.1337;2019-02-20;USD
2019-02-19;EUR;1.1341;2019-02-19;USD
2019-02-18;EUR;1.1311;2019-02-18;USD
2019-02-15;EUR;1.1295;2019-02-15;USD
2019-02-14;EUR;1.1301;2019-02-14;USD
2019-02-13;EUR;1.1267;2019-02-13;USD
2019-02-12;EUR;1.1325;2019-02-12;USD
2019-02-11;EUR;1.1276;2019-02-11;USD
2019-02-08;EUR;1.1330;2019-02-08;USD
2019-02-07;EUR;1.1341;2019-02-07;USD
2019-02-06;EUR;1.1362;2019-02-06;USD
2019-02-05;EUR;1.1415;2019-02-05;USD
2019-02-04;EUR;1.1438;2019-02-04;USD
2019-02-01;EUR;1.1456;2019-02-01;USD
2019-01-31;EUR;1.1446;2019-01-31;USD
2019-01-30;EUR;1.1479;2019-01-30;USD
2019-01-29;EUR;1.1432;2019-01-29;USD
2019-01-28;EUR;1.1434;2019-01-28;USD
2019-01-25;EUR;1.1415;2019-01-25;USD
2019-01-24;EUR;1.1306;2019-01-24;USD
2019-01-23;EUR;1.1381;2019-01-23;USD
2019-01-22;EUR;1.1359;2019-01-22;USD
2019-01-21;EUR;1.1366;2019-01-21;USD
2019-01-18;EUR;1.1363;2019-01-18;USD
2019-01-17;EUR;1.1398;2019-01-17;USD
2019-01-16;EUR;1.1400;2019-01-16;USD
2019-01-15;EUR;1.1417;2019-01-15;USD
2019-01-14;EUR;1.1477;2019-01-14;USD
2019-01-11;EUR;1.1469;2019-01-11;USD
2019-01-10;EUR;1.1500;2019-01-10;USD
2019-01-09;EUR;1.1543;2019-01-09;USD
2019-01-08;EUR;1.1442;2019-01-08;USD
2019-01-07;EUR;1.1476;2019-01-07;USD
2019-01-04;EUR;1.1395;2019-01-04;USD
2019-01-03;EUR;1.1394;2019-01-03;USD
2019-01-02;EUR;1.1343;2019-01-02;USD
2019-01-01;EUR;1.1464;2019-01-01;USD
2018-12-31;EUR;1.1470;2018-12-31;USD
2018-12-28;EUR;1.1438;2018-12-28;USD
2018-12-27;EUR;1.1430;2018-12-27;USD
2018-12-26;EUR;1.1353;2018-12-26;USD
2018-12-25;EUR;1.1362;2018-12-25;USD
2018-12-24;EUR;1.1400;2018-12-24;USD
2018-12-21;EUR;1.1369;2018-12-21;USD
2018-12-20;EUR;1.1446;2018-12-20;USD
2018-12-19;EUR;1.1377;2018-12-19;USD
2018-12-18;EUR;1.1361;2018-12-18;USD
2018-12-17;EUR;1.1347;2018-12-17;USD
2018-12-14;EUR;1.1309;2018-12-14;USD
2018-12-13;EUR;1.1363;2018-12-13;USD
2018-12-12;EUR;1.1368;2018-12-12;USD
2018-12-11;EUR;1.1316;2018-12-11;USD
2018-12-10;EUR;1.1356;2018-12-10;USD
2018-12-07;EUR;1.1378;2018-12-07;USD
2018-12-06;EUR;1.1376;2018-12-06;USD
2018-12-05;EUR;1.1344;2018-12-05;USD
2018-12-04;EUR;1.1345;2018-12-04;USD
2018-12-03;EUR;1.1354;2018-12-03;USD
2018-11-30;EUR;1.1317;2018-11-30;USD
2018-11-29;EUR;1.1393;2018-11-29;USD
2018-11-28;EUR;1.1366;2018-11-28;USD
2018-11-27;EUR;1.1288;2018-11-27;USD
2018-11-26;EUR;1.1328;2018-11-26;USD
2018-11-23;EUR;1.1341;2018-11-23;USD
2018-11-22;EUR;1.1408;2018-11-22;USD
2018-11-21;EUR;1.1385;2018-11-21;USD
2018-11-20;EUR;1.1371;2018-11-20;USD
2018-11-19;EUR;1.1453;2018-11-19;USD
2018-11-16;EUR;1.1420;2018-11-16;USD
2018-11-15;EUR;1.1328;2018-11-15;USD
2018-11-14;EUR;1.1310;2018-11-14;USD
2018-11-13;EUR;1.1291;2018-11-13;USD
2018-11-12;EUR;1.1218;2018-11-12;USD
2018-11-09;EUR;1.1336;2018-11-09;USD
2018-11-08;EUR;1.1363;2018-11-08;USD
2018-11-07;EUR;1.1426;2018-11-07;USD
2018-11-06;EUR;1.1427;2018-11-06;USD
2018-11-05;EUR;1.1407;2018-11-05;USD
2018-11-02;EUR;1.1387;2018-11-02;USD
2018-11-01;EUR;1.1409;2018-11-01;USD
2018-10-31;EUR;1.1312;2018-10-31;USD
2018-10-30;EUR;1.1344;2018-10-30;USD
2018-10-29;EUR;1.1373;2018-10-29;USD
2018-10-26;EUR;1.1403;2018-10-26;USD
2018-10-25;EUR;1.1376;2018-10-25;USD
2018-10-24;EUR;1.1392;2018-10-24;USD
2018-10-23;EUR;1.1471;2018-10-23;USD
2018-10-22;EUR;1.1465;2018-10-22;USD
2018-10-19;EUR;1.1515;2018-10-19;USD
2018-10-18;EUR;1.1453;2018-10-18;USD
2018-10-17;EUR;1.1501;2018-10-17;USD
2018-10-16;EUR;1.1575;2018-10-16;USD
2018-10-15;EUR;1.1579;2018-10-15;USD
2018-10-12;EUR;1.1563;2018-10-12;USD
2018-10-11;EUR;1.1594;2018-10-11;USD
2018-10-10;EUR;1.1520;2018-10-10;USD
2018-10-09;EUR;1.1490;2018-10-09;USD
2018-10-08;EUR;1.1492;2018-10-08;USD
2018-10-05;EUR;1.1524;2018-10-05;USD
2018-10-04;EUR;1.1515;2018-10-04;USD
2018-10-03;EUR;1.1478;2018-10-03;USD
2018-10-02;EUR;1.1548;2018-10-02;USD
2018-10-01;EUR;1.1578;2018-10-01;USD
2018-09-28;EUR;1.1609;2018-09-28;USD
2018-09-27;EUR;1.1641;2018-09-27;USD
2018-09-26;EUR;1.1740;2018-09-26;USD
2018-09-25;EUR;1.1772;2018-09-25;USD
2018-09-24;EUR;1.1748;2018-09-24;USD
2018-09-21;EUR;1.1750;2018-09-21;USD
2018-09-20;EUR;1.1777;2018-09-20;USD
2018-09-19;EUR;1.1673;2018-09-19;USD
2018-09-18;EUR;1.1667;2018-09-18;USD
2018-09-17;EUR;1.1683;2018-09-17;USD
2018-09-14;EUR;1.1630;2018-09-14;USD
2018-09-13;EUR;1.1690;2018-09-13;USD
2018-09-12;EUR;1.1626;2018-09-12;USD
2018-09-11;EUR;1.1607;2018-09-11;USD
2018-09-10;EUR;1.1594;2018-09-10;USD
2018-09-07;EUR;1.1553;2018-09-07;USD
2018-09-06;EUR;1.1622;2018-09-06;USD
2018-09-05;EUR;1.1629;2018-09-05;USD
2018-09-04;EUR;1.1582;2018-09-04;USD
2018-09-03;EUR;1.1624;2018-09-03;USD
2018-08-31;EUR;1.1601;2018-08-31;USD
2018-08-30;EUR;1.1671;2018-08-30;USD
2018-08-29;EUR;1.1708;2018-08-29;USD
2018-08-28;EUR;1.1695;2018-08-28;USD
2018-08-27;EUR;1.1678;2018-08-27;USD
2018-08-24;EUR;1.1623;2018-08-24;USD
2018-08-23;EUR;1.1539;2018-08-23;USD
2018-08-22;EUR;1.1597;2018-08-22;USD
2018-08-21;EUR;1.1571;2018-08-21;USD
2018-08-20;EUR;1.1481;2018-08-20;USD
2018-08-17;EUR;1.1439;2018-08-17;USD
2018-08-16;EUR;1.1377;2018-08-16;USD
2018-08-15;EUR;1.1345;2018-08-15;USD
2018-08-14;EUR;1.1344;2018-08-14;USD
2018-08-13;EUR;1.1409;2018-08-13;USD
2018-08-10;EUR;1.1411;2018-08-10;USD
2018-08-09;EUR;1.1527;2018-08-09;USD
2018-08-08;EUR;1.1611;2018-08-08;USD
2018-08-07;EUR;1.1599;2018-08-07;USD
2018-08-06;EUR;1.1554;2018-08-06;USD
2018-08-03;EUR;1.1567;2018-08-03;USD
2018-08-02;EUR;1.1584;2018-08-02;USD
2018-08-01;EUR;1.1660;2018-08-01;USD
2018-07-31;EUR;1.1691;2018-07-31;USD
2018-07-30;EUR;1.1706;2018-07-30;USD
2018-07-27;EUR;1.1658;2018-07-27;USD
2018-07-26;EUR;1.1643;2018-07-26;USD
2018-07-25;EUR;1.1728;2018-07-25;USD
2018-07-24;EUR;1.1686;2018-07-24;USD
2018-07-23;EUR;1.1692;2018-07-23;USD
2018-07-20;EUR;1.1720;2018-07-20;USD
2018-07-19;EUR;1.1643;2018-07-19;USD
2018-07-18;EUR;1.1639;2018-07-18;USD
2018-07-17;EUR;1.1661;2018-07-17;USD
2018-07-16;EUR;1.1710;2018-07-16;USD
2018-07-13;EUR;1.1685;2018-07-13;USD
2018-07-12;EUR;1.1672;2018-07-12;USD
2018-07-11;EUR;1.1674;2018-07-11;USD
2018-07-10;EUR;1.1744;2018-07-10;USD
2018-07-09;EUR;1.1751;2018-07-09;USD
2018-07-06;EUR;1.1747;2018-07-06;USD
2018-07-05;EUR;1.1691;2018-07-05;USD
2018-07-04;EUR;1.1656;2018-07-04;USD
2018-07-03;EUR;1.1657;2018-07-03;USD
2018-07-02;EUR;1.1641;2018-07-02;USD
2018-06-29;EUR;1.1685;2018-06-29;USD
2018-06-28;EUR;1.1569;2018-06-28;USD
2018-06-27;EUR;1.1554;2018-06-27;USD
2018-06-26;EUR;1.1647;2018-06-26;USD
2018-06-25;EUR;1.1704;2018-06-25;USD
2018-06-22;EUR;1.1657;2018-06-22;USD
2018-06-21;EUR;1.1603;2018-06-21;USD
2018-06-20;EUR;1.1572;2018-06-20;USD
2018-06-19;EUR;1.1590;2018-06-19;USD
2018-06-18;EUR;1.1623;2018-06-18;USD
2018-06-15;EUR;1.1609;2018-06-15;USD
2018-06-14;EUR;1.1569;2018-06-14;USD
2018-06-13;EUR;1.1791;2018-06-13;USD
2018-06-12;EUR;1.1745;2018-06-12;USD
2018-06-11;EUR;1.1784;2018-06-11;USD
2018-06-08;EUR;1.1768;2018-06-08;USD
2018-06-07;EUR;1.1799;2018-06-07;USD
2018-06-06;EUR;1.1773;2018-06-06;USD
2018-06-05;EUR;1.1718;2018-06-05;USD
2018-06-04;EUR;1.1699;2018-06-04;USD
2018-06-01;EUR;1.1661;2018-06-01;USD
2018-05-31;EUR;1.1692;2018-05-31;USD
2018-05-30;EUR;1.1663;2018-05-30;USD
2018-05-29;EUR;1.1540;2018-05-29;USD
2018-05-28;EUR;1.1623;2018-05-28;USD
2018-05-25;EUR;1.1652;2018-05-25;USD
2018-05-24;EUR;1.1720;2018-05-24;USD
2018-05-23;EUR;1.1697;2018-05-23;USD
2018-05-22;EUR;1.1779;2018-05-22;USD
2018-05-21;EUR;1.1791;2018-05-21;USD
2018-05-18;EUR;1.1778;2018-05-18;USD
2018-05-17;EUR;1.1795;2018-05-17;USD
2018-05-16;EUR;1.1807;2018-05-16;USD
2018-05-15;EUR;1.1838;2018-05-15;USD
2018-05-14;EUR;1.1927;2018-05-14;USD
2018-05-11;EUR;1.1944;2018-05-11;USD
2018-05-10;EUR;1.1915;2018-05-10;USD
2018-05-09;EUR;1.1850;2018-05-09;USD
2018-05-08;EUR;1.1864;2018-05-08;USD
2018-05-07;EUR;1.1922;2018-05-07;USD
2018-05-04;EUR;1.1960;2018-05-04;USD
2018-05-03;EUR;1.1988;2018-05-03;USD
2018-05-02;EUR;1.1951;2018-05-02;USD
2018-05-01;EUR;1.1993;2018-05-01;USD
2018-04-30;EUR;1.2079;2018-04-30;USD
2018-04-27;EUR;1.2130;2018-04-27;USD
2018-04-26;EUR;1.2103;2018-04-26;USD
2018-04-25;EUR;1.2161;2018-04-25;USD
2018-04-24;EUR;1.2232;2018-04-24;USD
2018-04-23;EUR;1.2209;2018-04-23;USD
2018-04-20;EUR;1.2288;2018-04-20;USD
2018-04-19;EUR;1.2346;2018-04-19;USD
2018-04-18;EUR;1.2373;2018-04-18;USD
2018-04-17;EUR;1.2370;2018-04-17;USD
2018-04-16;EUR;1.2380;2018-04-16;USD
2018-04-13;EUR;1.2331;2018-04-13;USD
2018-04-12;EUR;1.2327;2018-04-12;USD
2018-04-11;EUR;1.2367;2018-04-11;USD
2018-04-10;EUR;1.2356;2018-04-10;USD
2018-04-09;EUR;1.2321;2018-04-09;USD
2018-04-06;EUR;1.2283;2018-04-06;USD
2018-04-05;EUR;1.2240;2018-04-05;USD
2018-04-04;EUR;1.2278;2018-04-04;USD
2018-04-03;EUR;1.2270;2018-04-03;USD
2018-04-02;EUR;1.2302;2018-04-02;USD
2018-03-30;EUR;1.2323;2018-03-30;USD
2018-03-29;EUR;1.2302;2018-03-29;USD
2018-03-28;EUR;1.2308;2018-03-28;USD
2018-03-27;EUR;1.2403;2018-03-27;USD
2018-03-26;EUR;1.2443;2018-03-26;USD
2020-09-25;TRT120122T17;98.179;2022-01-12;TRY
2020-09-25;TRT140922T17;92.91;2022-09-14;TRY
2020-09-25;TRT080323T10;88.387;2023-03-08;TRY
2020-09-25;TRT270923T11;94.479;2023-09-27;TRY
2020-09-25;TRT200324T13;94.057;2024-03-20;TRY
2020-09-25;TRT240724T15;90.884;2024-07-24;TRY
2020-09-25;TRT120325T12;84.978;2025-03-12;TRY
2020-09-25;TRT170221T12;100.945;2021-02-17;TRY
2020-09-25;TRT110226T13;93.89;2026-02-11;TRY
2020-09-25;TRT110226T13;93.477;2026-02-11;TRY
2020-09-25;TRT220921T18;97.165;2021-09-22;TRY
2020-09-25;TRT020322T17;97.709;2022-03-02;TRY
2020-09-25;TRT240227T17;93.804;2027-02-24;TRY
2020-09-25;TRT240227T17;93.895;2027-02-24;TRY
2020-09-25;TRT170822T15;97.388;2022-08-17;TRY
2020-09-25;TRT170822T15;97.488;2022-08-17;TRY
2020-09-25;TRT110827T16;91.727;2027-08-11;TRY
2020-09-25;TRT180123T10;100.984;2023-01-18;TRY
2020-09-25;TRT080328T15;99.107;2028-03-08;TRY
2020-09-25;TRT140623T19;111.701;2023-06-14;TRY
2020-09-25;TRT181023T19;126.615;2023-10-18;TRY
2020-09-25;TRT040522T13;97.961;2022-05-04;TRY
2021-03-05;US900123CM05;86.13;2047-05-11;USD
2021-03-05;US900123DC14;97.341;2031-06-26;USD
2021-03-05;US900123AW05;109.814;2025-02-05;USD
2021-03-05;US900123DB31;99.1575;2026-01-26;USD
2021-03-05;US900123DA57;98.3245;2031-01-15;USD
2021-03-05;US900123AY60;101.7875;2036-03-17;USD
2021-03-05;US900123CB40;79.79;2043-04-16;USD
2021-03-05;US900123BZ27;104.232;2022-09-26;USD
2021-03-05;US900123AL40;140.123;2030-01-15;USD
2021-03-05;US900123CG37;94.8705;2045-02-17;USD
2021-03-05;US900123BJ84;89.991;2041-01-14;USD
2021-03-05;US900123AT75;113.027;2034-02-14;USD
2021-03-05;XS0993155398;101.9345;2021-11-12;EUR
2021-03-05;XS1629918415;100.5625;2025-06-14;EUR
2021-03-05;XS1909184753;107.496;2026-02-16;EUR
2021-03-05;US900123CT57;110.538;2029-04-26;USD
2021-03-05;US900123CJ75;96.7405;2026-04-14;USD
2021-03-05;US900123CY43;94.9505;2030-03-13;USD
2021-03-05;US900123BY51;102.2565;2022-03-25;USD
2021-03-05;US900123CZ18;106.1125;2025-10-14;USD
2021-03-05;US900123CR91;108.136;2023-12-23;USD
2021-03-05;US900123CA66;99.39;2023-03-23;USD
2021-03-05;US900123CV04;105.9575;2024-08-10;USD
2021-03-05;US900123CK49;98.551;2026-10-09;USD
2021-03-05;US900123CP36;97.88;2028-02-17;USD
2021-03-05;US900123CX69;98.5415;2025-03-13;USD
2021-03-05;US900123CW86;103.7;2024-11-14;USD
2021-03-05;US900123CL22;103.252;2027-03-25;USD
2021-03-05;XS1057340009;103.822;2023-04-11;EUR
2021-03-05;US900123CF53;104.1465;2024-03-22;USD
2021-03-05;US900123BB58;104.8275;2038-03-05;USD
2021-03-05;US900123BG46;97.992;2040-05-30;USD
2021-03-05;US900123BH29;100.228;2021-03-30;USD
2021-03-05;US900123CQ19;102.7605;2028-10-24;USD
2021-03-05;XS1843443356;105.679;2025-03-31;EUR
2021-03-05;XS0976893932;86.7165;2023-03-08;TRY
2021-03-05;US900123CH10;103.959;2023-04-11;EUR
2021-03-05;JP579200AEM8;99.715;2024-09-25;JPY
2021-03-05;US900123CE88;101.36;2021-11-12;EUR
2021-03-05;US900123CN87;100.0805;2025-06-14;EUR
2021-03-05;JP579200ABF8;100.029;2021-06-18;JPY
2021-03-05;JP579200ACF6;100.7675;2022-03-15;JPY
2021-06-18;TRT131130T14;74.8;2021-06-18;TRY
2021-06-18;TRT011025T16;84.11;2021-06-18;TRY
2021-06-18;TRT110226T13;77.3;2021-06-18;TRY
2021-06-18;TRT220921T18;97.84;2021-06-18;TRY
2021-06-18;TRT110827T16;73.8;2021-06-18;TRY
2021-06-18;TRT140623T19;97.325;2021-06-18;TRY
2021-06-18;TRT020322T17;95.825;2021-06-18;TRY
2021-06-18;TRT240724T15;80.1;2021-06-18;TRY
2021-06-18;TRT180123T10;92.725;2021-06-18;TRY
2021-06-18;TRT240227T17;76.225;2021-06-18;TRY
2021-06-18;TRT080328T15;80.75;2021-06-18;TRY
2021-06-18;TRT120122T17;95.8625;2021-06-18;TRY
2021-06-18;TRT080323T10;84.9;2021-06-18;TRY
2021-06-18;TRT270923T11;83.825;2021-06-18;TRY
2021-06-18;TRT200324T13;84.75;2021-06-18;TRY
2021-06-18;TRT120325T12;73.9;2021-06-18;TRY
2021-06-18;TRT201021T25;98.7;2021-06-18;TRY
